[
  {
    "id": "P09",
    "control": "writer commit before stale reentry",
    "waiting": 1,
    "r": {
      "error": "b9_stale_predecessor"
    },
    "after": {
      "child": {
        "open": "c596271b-467b-4670-bc28-ec37999e6416",
        "state": "returned",
        "attempt": "c596271b-467b-4670-bc28-ec37999e6416",
        "question": "Does the bound evidence comparator discriminate the declared missing-evidence and missing-method violations from correspondence?"
      },
      "links": [
        {
          "slot": "method",
          "claim": "19ec355d-d79c-4467-8f23-a13f6a7009b1",
          "version": "82ec2b64-935b-40c2-b80e-6874553cff59",
          "component": "f25de48a-6591-4e86-bb7e-9a7a425a56ee"
        },
        {
          "slot": "criteria",
          "claim": "15c9b650-c717-45ab-af35-5f37c3a79421",
          "version": "efb24003-156b-4c84-abad-a3bc50bec4c6",
          "component": "fdce2256-9dd7-4fc4-824e-85ee1e7442cc"
        },
        {
          "slot": "witnesses",
          "claim": "243115ca-8d30-4d0c-96ae-4b173300490b",
          "version": "ca199d5f-afd3-4616-a39f-850238235f65",
          "component": "4404a2a8-9a9e-4e33-8101-16a73588fe0c"
        },
        {
          "slot": "governance",
          "claim": "9079de85-0705-4006-94d8-fc56b3c9387c",
          "version": "4a2fa444-7b43-4203-b733-4de07d9c375e",
          "component": "40496ef3-77a3-4efe-8e1a-094f2855e25a"
        },
        {
          "slot": "applicability",
          "claim": "5e1c78f9-f88e-43ae-884d-80ee399b75a0",
          "version": "66631bb8-8a51-4ef0-bc64-c7599700a407",
          "component": "25eb4111-7af1-4338-9a52-b32511131354"
        }
      ],
      "parent": {
        "step": "inspect the next retained judgment under the bound evidence rules",
        "focal": "40496ef3-77a3-4efe-8e1a-094f2855e25a",
        "remit": "synthetic inspection only; no action, designation or amendment",
        "question": "May this exact retained inquiry judgment be relied upon for the next bounded inspection step under the bound governance basis, or must reliance be requalified/reoriented/held?",
        "governing_basis": {
          "claim": "9079de85-0705-4006-94d8-fc56b3c9387c",
          "version": "4a2fa444-7b43-4203-b733-4de07d9c375e",
          "component": "40496ef3-77a3-4efe-8e1a-094f2855e25a"
        }
      },
      "changes": [
        {
          "slot": "applicability",
          "event": "5eb0ddaa-95b1-4792-9c80-69e7f14cbc40",
          "version": "93bb365b-a9c9-4dfc-acb4-673035539cb4",
          "complete": true
        }
      ],
      "history": [
        {
          "id": "c596271b-467b-4670-bc28-ec37999e6416",
          "kind": "open",
          "predecessor": null
        },
        {
          "id": "17b06ca8-d499-431c-a0e9-8bb6c5359aff",
          "kind": "judgment",
          "predecessor": "c596271b-467b-4670-bc28-ec37999e6416"
        },
        {
          "id": "3c99a322-b491-4845-ae68-e58823934a90",
          "kind": "return",
          "predecessor": "17b06ca8-d499-431c-a0e9-8bb6c5359aff"
        },
        {
          "id": "5eb0ddaa-95b1-4792-9c80-69e7f14cbc40",
          "kind": "observe",
          "predecessor": "3c99a322-b491-4845-ae68-e58823934a90"
        }
      ],
      "locator": "d11749be-c810-4344-9604-e96364b88518",
      "present": {
        "reason": "decision-bearing basis or continuity changed",
        "disposition": "REQUALIFY",
        "changed_slots": [
          "applicability",
          "independent remit unavailable/revoked"
        ],
        "g1_acceptance": {
          "outcome": "PASS",
          "findings": [
            {
              "path": [
                "evidence"
              ],
              "present": true
            },
            {
              "path": [
                "criteria"
              ],
              "present": true
            },
            {
              "path": [
                "method"
              ],
              "present": true
            },
            {
              "path": [
                "findings"
              ],
              "present": true
            }
          ]
        },
        "question_forward": {
          "route": "supply source under fixture custody; successor inquiry for changed basis; independently reenter",
          "restart": "exact source restored or new bound inquiry/version established",
          "question": "Which exact retained evidence, method, or independent applicability observation discharges this blocker?",
          "discriminator": "named witness discriminates correspondence/violation; exact declared writer history is complete"
        }
      },
      "boundary": "5eb0ddaa-95b1-4792-9c80-69e7f14cbc40",
      "judgment": {
        "limits": "Finite supplied rules and witnesses; trusted fixture/custody; no universal correctness, authority, currentness or amendment.",
        "source": "65f260ac-ff48-4d60-8ea3-a2036b8619d0",
        "outcome": "PASS",
        "summary": "All declared finite witness outcomes correspond.",
        "evidence": [
          "4a2fa444-7b43-4203-b733-4de07d9c375e",
          "efb24003-156b-4c84-abad-a3bc50bec4c6",
          "82ec2b64-935b-40c2-b80e-6874553cff59",
          "ca199d5f-afd3-4616-a39f-850238235f65",
          "5e65824b-e236-4d9e-8b34-0c0e7d5c9b17"
        ],
        "findings": [
          {
            "witness": {
              "path": [
                "inputs",
                "correspondence"
              ],
              "artifact": "ca199d5f-afd3-4616-a39f-850238235f65"
            },
            "expected": "PASS",
            "observed": {
              "outcome": "PASS",
              "findings": [
                {
                  "path": [
                    "evidence"
                  ],
                  "present": true
                },
                {
                  "path": [
                    "criteria"
                  ],
                  "present": true
                },
                {
                  "path": [
                    "method"
                  ],
                  "present": true
                },
                {
                  "path": [
                    "findings"
                  ],
                  "present": true
                }
              ]
            },
            "obligation": "correspondence"
          },
          {
            "witness": {
              "path": [
                "inputs",
                "missing_evidence"
              ],
              "artifact": "ca199d5f-afd3-4616-a39f-850238235f65"
            },
            "expected": "FAIL",
            "observed": {
              "outcome": "FAIL",
              "findings": [
                {
                  "path": [
                    "evidence"
                  ],
                  "present": false
                },
                {
                  "path": [
                    "criteria"
                  ],
                  "present": true
                },
                {
                  "path": [
                    "method"
                  ],
                  "present": true
                },
                {
                  "path": [
                    "findings"
                  ],
                  "present": true
                }
              ]
            },
            "obligation": "missing_evidence"
          },
          {
            "witness": {
              "path": [
                "inputs",
                "missing_method"
              ],
              "artifact": "ca199d5f-afd3-4616-a39f-850238235f65"
            },
            "expected": "FAIL",
            "observed": {
              "outcome": "FAIL",
              "findings": [
                {
                  "path": [
                    "evidence"
                  ],
                  "present": true
                },
                {
                  "path": [
                    "criteria"
                  ],
                  "present": true
                },
                {
                  "path": [
                    "method"
                  ],
                  "present": false
                },
                {
                  "path": [
                    "findings"
                  ],
                  "present": true
                }
              ]
            },
            "obligation": "missing_method"
          }
        ]
      },
      "dependency": {
        "why": "child witness examination",
        "slot": "governance",
        "binding": {
          "slot": "governance",
          "remit": "synthetic inspection only; no action, designation or amendment",
          "scope": "5f6710ed-13ae-4fd8-9740-4737c23929d4",
          "method": "82ec2b64-935b-40c2-b80e-6874553cff59",
          "parent": "d11749be-c810-4344-9604-e96364b88518",
          "version": "4a2fa444-7b43-4203-b733-4de07d9c375e",
          "criteria": "efb24003-156b-4c84-abad-a3bc50bec4c6",
          "component": "40496ef3-77a3-4efe-8e1a-094f2855e25a",
          "witnesses": "ca199d5f-afd3-4616-a39f-850238235f65",
          "child_question": "Does the bound evidence comparator discriminate the declared missing-evidence and missing-method violations from correspondence?",
          "parent_question": "May this exact retained inquiry judgment be relied upon for the next bounded inspection step under the bound governance basis, or must reliance be requalified/reoriented/held?",
          "dependency_claim": "9079de85-0705-4006-94d8-fc56b3c9387c"
        }
      },
      "observations": {
        "claims": {
          "15c9b650-c717-45ab-af35-5f37c3a79421": {
            "history": [],
            "standing": "unassessed"
          },
          "19ec355d-d79c-4467-8f23-a13f6a7009b1": {
            "history": [],
            "standing": "unassessed"
          },
          "243115ca-8d30-4d0c-96ae-4b173300490b": {
            "history": [],
            "standing": "unassessed"
          },
          "59f9b356-63be-4d50-8261-c1514e7d31dc": {
            "history": [],
            "standing": "unassessed"
          },
          "5e1c78f9-f88e-43ae-884d-80ee399b75a0": {
            "history": [],
            "standing": "unassessed"
          },
          "9079de85-0705-4006-94d8-fc56b3c9387c": {
            "history": [],
            "standing": "unassessed"
          }
        },
        "method": {
          "history": null,
          "version": "82ec2b64-935b-40c2-b80e-6874553cff59",
          "complete": true
        },
        "criteria": {
          "history": null,
          "version": "efb24003-156b-4c84-abad-a3bc50bec4c6",
          "complete": true
        },
        "witnesses": {
          "history": null,
          "version": "ca199d5f-afd3-4616-a39f-850238235f65",
          "complete": true
        },
        "governance": {
          "history": null,
          "version": "4a2fa444-7b43-4203-b733-4de07d9c375e",
          "complete": true
        },
        "applicability": {
          "history": "5eb0ddaa-95b1-4792-9c80-69e7f14cbc40",
          "version": "93bb365b-a9c9-4dfc-acb4-673035539cb4",
          "complete": true
        }
      },
      "non_promotion": "Regenerated read projection. Historical disposition is not present permission; new reentry needs this boundary and observations.",
      "source_contract": "d11749be-c810-4344-9604-e96364b88518",
      "last_disposition": null
    }
  },
  {
    "id": "P09",
    "control": "writer rollback then reentry",
    "waiting": 1,
    "r": {
      "value": {
        "event": "762107f8-905c-4b97-a9f2-993828d65aa0",
        "replay": false,
        "result": {
          "step": "inspect the next retained judgment under the bound evidence rules",
          "reason": "exact child support and independently observed parent conditions apply",
          "disposition": "CONTINUE",
          "g1_acceptance": {
            "outcome": "PASS",
            "findings": [
              {
                "path": [
                  "evidence"
                ],
                "present": true
              },
              {
                "path": [
                  "criteria"
                ],
                "present": true
              },
              {
                "path": [
                  "method"
                ],
                "present": true
              },
              {
                "path": [
                  "findings"
                ],
                "present": true
              }
            ]
          },
          "non_promotion": "inquiry disposition only; no action or authority"
        }
      }
    },
    "after": {
      "child": {
        "open": "4f136e92-2faa-4e4c-9862-32d45ce92d1a",
        "state": "returned",
        "attempt": "4f136e92-2faa-4e4c-9862-32d45ce92d1a",
        "question": "Does the bound evidence comparator discriminate the declared missing-evidence and missing-method violations from correspondence?"
      },
      "links": [
        {
          "slot": "method",
          "claim": "4593feaf-27a6-411a-b84e-56dbf536ff9c",
          "version": "b08ac970-c594-462d-87dc-ce08899e33e0",
          "component": "e0d3af36-2202-429f-875a-629d5d3ea19a"
        },
        {
          "slot": "criteria",
          "claim": "da0647c0-3422-4b55-b8ea-f241c0a5bee1",
          "version": "b10be2ab-4f8b-4a88-83e5-a011992dd683",
          "component": "e73e624a-bf0d-463f-ad68-057b8c0dd713"
        },
        {
          "slot": "witnesses",
          "claim": "615ad53f-aa3c-4af4-bfc8-bba1050370d7",
          "version": "ea9a6b3e-accf-44a6-8c41-06466fcbd0cd",
          "component": "7f22f325-be22-4a34-b59f-45f433f64c93"
        },
        {
          "slot": "governance",
          "claim": "2d73a92d-3d5c-4ee4-ae21-0b61727dcc4e",
          "version": "f2d5bccb-eb9f-4b93-ae8a-cfe811865d58",
          "component": "740cf59d-99e2-45b1-8f03-269082fd58e5"
        },
        {
          "slot": "applicability",
          "claim": "f010e633-0259-47c6-83cc-58d1cd72a930",
          "version": "de58ac0b-70c9-497e-93be-781c4b096c36",
          "component": "30af79d1-8a76-4958-9dc0-5a4f9afae8c6"
        }
      ],
      "parent": {
        "step": "inspect the next retained judgment under the bound evidence rules",
        "focal": "740cf59d-99e2-45b1-8f03-269082fd58e5",
        "remit": "synthetic inspection only; no action, designation or amendment",
        "question": "May this exact retained inquiry judgment be relied upon for the next bounded inspection step under the bound governance basis, or must reliance be requalified/reoriented/held?",
        "governing_basis": {
          "claim": "2d73a92d-3d5c-4ee4-ae21-0b61727dcc4e",
          "version": "f2d5bccb-eb9f-4b93-ae8a-cfe811865d58",
          "component": "740cf59d-99e2-45b1-8f03-269082fd58e5"
        }
      },
      "changes": [],
      "history": [
        {
          "id": "4f136e92-2faa-4e4c-9862-32d45ce92d1a",
          "kind": "open",
          "predecessor": null
        },
        {
          "id": "6a451df2-c755-4a92-862e-9660c703fdc1",
          "kind": "judgment",
          "predecessor": "4f136e92-2faa-4e4c-9862-32d45ce92d1a"
        },
        {
          "id": "04a759c8-a972-4159-88a2-40b0228680df",
          "kind": "return",
          "predecessor": "6a451df2-c755-4a92-862e-9660c703fdc1"
        },
        {
          "id": "762107f8-905c-4b97-a9f2-993828d65aa0",
          "kind": "reentry",
          "predecessor": "04a759c8-a972-4159-88a2-40b0228680df"
        }
      ],
      "locator": "282aaa49-3bd9-4ee6-b17e-207c1773b0b9",
      "present": {
        "step": "inspect the next retained judgment under the bound evidence rules",
        "reason": "exact child support and independently observed parent conditions apply",
        "disposition": "CONTINUE",
        "g1_acceptance": {
          "outcome": "PASS",
          "findings": [
            {
              "path": [
                "evidence"
              ],
              "present": true
            },
            {
              "path": [
                "criteria"
              ],
              "present": true
            },
            {
              "path": [
                "method"
              ],
              "present": true
            },
            {
              "path": [
                "findings"
              ],
              "present": true
            }
          ]
        },
        "non_promotion": "inquiry disposition only; no action or authority"
      },
      "boundary": "762107f8-905c-4b97-a9f2-993828d65aa0",
      "judgment": {
        "limits": "Finite supplied rules and witnesses; trusted fixture/custody; no universal correctness, authority, currentness or amendment.",
        "source": "b37cc325-0e98-437b-bd5b-f2e9f23f5d29",
        "outcome": "PASS",
        "summary": "All declared finite witness outcomes correspond.",
        "evidence": [
          "f2d5bccb-eb9f-4b93-ae8a-cfe811865d58",
          "b10be2ab-4f8b-4a88-83e5-a011992dd683",
          "b08ac970-c594-462d-87dc-ce08899e33e0",
          "ea9a6b3e-accf-44a6-8c41-06466fcbd0cd",
          "96b32a9b-15b6-430f-b9f3-ce6ecaaf7fd9"
        ],
        "findings": [
          {
            "witness": {
              "path": [
                "inputs",
                "correspondence"
              ],
              "artifact": "ea9a6b3e-accf-44a6-8c41-06466fcbd0cd"
            },
            "expected": "PASS",
            "observed": {
              "outcome": "PASS",
              "findings": [
                {
                  "path": [
                    "evidence"
                  ],
                  "present": true
                },
                {
                  "path": [
                    "criteria"
                  ],
                  "present": true
                },
                {
                  "path": [
                    "method"
                  ],
                  "present": true
                },
                {
                  "path": [
                    "findings"
                  ],
                  "present": true
                }
              ]
            },
            "obligation": "correspondence"
          },
          {
            "witness": {
              "path": [
                "inputs",
                "missing_evidence"
              ],
              "artifact": "ea9a6b3e-accf-44a6-8c41-06466fcbd0cd"
            },
            "expected": "FAIL",
            "observed": {
              "outcome": "FAIL",
              "findings": [
                {
                  "path": [
                    "evidence"
                  ],
                  "present": false
                },
                {
                  "path": [
                    "criteria"
                  ],
                  "present": true
                },
                {
                  "path": [
                    "method"
                  ],
                  "present": true
                },
                {
                  "path": [
                    "findings"
                  ],
                  "present": true
                }
              ]
            },
            "obligation": "missing_evidence"
          },
          {
            "witness": {
              "path": [
                "inputs",
                "missing_method"
              ],
              "artifact": "ea9a6b3e-accf-44a6-8c41-06466fcbd0cd"
            },
            "expected": "FAIL",
            "observed": {
              "outcome": "FAIL",
              "findings": [
                {
                  "path": [
                    "evidence"
                  ],
                  "present": true
                },
                {
                  "path": [
                    "criteria"
                  ],
                  "present": true
                },
                {
                  "path": [
                    "method"
                  ],
                  "present": false
                },
                {
                  "path": [
                    "findings"
                  ],
                  "present": true
                }
              ]
            },
            "obligation": "missing_method"
          }
        ]
      },
      "dependency": {
        "why": "child witness examination",
        "slot": "governance",
        "binding": {
          "slot": "governance",
          "remit": "synthetic inspection only; no action, designation or amendment",
          "scope": "b3534a79-cb78-41a2-bf45-dfad42c650c8",
          "method": "b08ac970-c594-462d-87dc-ce08899e33e0",
          "parent": "282aaa49-3bd9-4ee6-b17e-207c1773b0b9",
          "version": "f2d5bccb-eb9f-4b93-ae8a-cfe811865d58",
          "criteria": "b10be2ab-4f8b-4a88-83e5-a011992dd683",
          "component": "740cf59d-99e2-45b1-8f03-269082fd58e5",
          "witnesses": "ea9a6b3e-accf-44a6-8c41-06466fcbd0cd",
          "child_question": "Does the bound evidence comparator discriminate the declared missing-evidence and missing-method violations from correspondence?",
          "parent_question": "May this exact retained inquiry judgment be relied upon for the next bounded inspection step under the bound governance basis, or must reliance be requalified/reoriented/held?",
          "dependency_claim": "2d73a92d-3d5c-4ee4-ae21-0b61727dcc4e"
        }
      },
      "observations": {
        "claims": {
          "25aa48d4-1633-4f53-a25a-870254dac117": {
            "history": [],
            "standing": "unassessed"
          },
          "2d73a92d-3d5c-4ee4-ae21-0b61727dcc4e": {
            "history": [],
            "standing": "unassessed"
          },
          "4593feaf-27a6-411a-b84e-56dbf536ff9c": {
            "history": [],
            "standing": "unassessed"
          },
          "615ad53f-aa3c-4af4-bfc8-bba1050370d7": {
            "history": [],
            "standing": "unassessed"
          },
          "da0647c0-3422-4b55-b8ea-f241c0a5bee1": {
            "history": [],
            "standing": "unassessed"
          },
          "f010e633-0259-47c6-83cc-58d1cd72a930": {
            "history": [],
            "standing": "unassessed"
          }
        },
        "method": {
          "history": null,
          "version": "b08ac970-c594-462d-87dc-ce08899e33e0",
          "complete": true
        },
        "criteria": {
          "history": null,
          "version": "b10be2ab-4f8b-4a88-83e5-a011992dd683",
          "complete": true
        },
        "witnesses": {
          "history": null,
          "version": "ea9a6b3e-accf-44a6-8c41-06466fcbd0cd",
          "complete": true
        },
        "governance": {
          "history": null,
          "version": "f2d5bccb-eb9f-4b93-ae8a-cfe811865d58",
          "complete": true
        },
        "applicability": {
          "history": null,
          "version": "de58ac0b-70c9-497e-93be-781c4b096c36",
          "complete": true
        }
      },
      "non_promotion": "Regenerated read projection. Historical disposition is not present permission; new reentry needs this boundary and observations.",
      "source_contract": "282aaa49-3bd9-4ee6-b17e-207c1773b0b9",
      "last_disposition": {
        "id": "762107f8-905c-4b97-a9f2-993828d65aa0",
        "kind": "reentry",
        "step": "inspect the next retained judgment under the bound evidence rules",
        "parent": "282aaa49-3bd9-4ee6-b17e-207c1773b0b9",
        "reason": "exact child support and independently observed parent conditions apply",
        "result": "b37cc325-0e98-437b-bd5b-f2e9f23f5d29",
        "attempt": "4f136e92-2faa-4e4c-9862-32d45ce92d1a",
        "request": "301e448c-b394-48e8-aff2-2e75a9977e8c",
        "signature": {
          "op": "reentry",
          "predecessor": "04a759c8-a972-4159-88a2-40b0228680df",
          "observations": {
            "claims": {
              "25aa48d4-1633-4f53-a25a-870254dac117": {
                "history": [],
                "standing": "unassessed"
              },
              "2d73a92d-3d5c-4ee4-ae21-0b61727dcc4e": {
                "history": [],
                "standing": "unassessed"
              },
              "4593feaf-27a6-411a-b84e-56dbf536ff9c": {
                "history": [],
                "standing": "unassessed"
              },
              "615ad53f-aa3c-4af4-bfc8-bba1050370d7": {
                "history": [],
                "standing": "unassessed"
              },
              "da0647c0-3422-4b55-b8ea-f241c0a5bee1": {
                "history": [],
                "standing": "unassessed"
              },
              "f010e633-0259-47c6-83cc-58d1cd72a930": {
                "history": [],
                "standing": "unassessed"
              }
            },
            "method": {
              "history": null,
              "version": "b08ac970-c594-462d-87dc-ce08899e33e0",
              "complete": true
            },
            "criteria": {
              "history": null,
              "version": "b10be2ab-4f8b-4a88-83e5-a011992dd683",
              "complete": true
            },
            "witnesses": {
              "history": null,
              "version": "ea9a6b3e-accf-44a6-8c41-06466fcbd0cd",
              "complete": true
            },
            "governance": {
              "history": null,
              "version": "f2d5bccb-eb9f-4b93-ae8a-cfe811865d58",
              "complete": true
            },
            "applicability": {
              "history": null,
              "version": "de58ac0b-70c9-497e-93be-781c4b096c36",
              "complete": true
            }
          }
        },
        "attribution": "b9_parent",
        "disposition": "CONTINUE",
        "predecessor": "04a759c8-a972-4159-88a2-40b0228680df",
        "observations": {
          "claims": {
            "25aa48d4-1633-4f53-a25a-870254dac117": {
              "history": [],
              "standing": "unassessed"
            },
            "2d73a92d-3d5c-4ee4-ae21-0b61727dcc4e": {
              "history": [],
              "standing": "unassessed"
            },
            "4593feaf-27a6-411a-b84e-56dbf536ff9c": {
              "history": [],
              "standing": "unassessed"
            },
            "615ad53f-aa3c-4af4-bfc8-bba1050370d7": {
              "history": [],
              "standing": "unassessed"
            },
            "da0647c0-3422-4b55-b8ea-f241c0a5bee1": {
              "history": [],
              "standing": "unassessed"
            },
            "f010e633-0259-47c6-83cc-58d1cd72a930": {
              "history": [],
              "standing": "unassessed"
            }
          },
          "method": {
            "history": null,
            "version": "b08ac970-c594-462d-87dc-ce08899e33e0",
            "complete": true
          },
          "criteria": {
            "history": null,
            "version": "b10be2ab-4f8b-4a88-83e5-a011992dd683",
            "complete": true
          },
          "witnesses": {
            "history": null,
            "version": "ea9a6b3e-accf-44a6-8c41-06466fcbd0cd",
            "complete": true
          },
          "governance": {
            "history": null,
            "version": "f2d5bccb-eb9f-4b93-ae8a-cfe811865d58",
            "complete": true
          },
          "applicability": {
            "history": null,
            "version": "de58ac0b-70c9-497e-93be-781c4b096c36",
            "complete": true
          }
        },
        "g1_acceptance": {
          "outcome": "PASS",
          "findings": [
            {
              "path": [
                "evidence"
              ],
              "present": true
            },
            {
              "path": [
                "criteria"
              ],
              "present": true
            },
            {
              "path": [
                "method"
              ],
              "present": true
            },
            {
              "path": [
                "findings"
              ],
              "present": true
            }
          ]
        },
        "non_promotion": "inquiry disposition only; no action or authority"
      }
    }
  },
  {
    "id": "P09",
    "control": "reentry first; writer stale then fresh serialized observation",
    "waiting": 1,
    "pr": {
      "event": "da4119f8-c6be-4085-baab-5591619b25bf",
      "replay": false,
      "result": {
        "step": "inspect the next retained judgment under the bound evidence rules",
        "reason": "exact child support and independently observed parent conditions apply",
        "disposition": "CONTINUE",
        "g1_acceptance": {
          "outcome": "PASS",
          "findings": [
            {
              "path": [
                "evidence"
              ],
              "present": true
            },
            {
              "path": [
                "criteria"
              ],
              "present": true
            },
            {
              "path": [
                "method"
              ],
              "present": true
            },
            {
              "path": [
                "findings"
              ],
              "present": true
            }
          ]
        },
        "non_promotion": "inquiry disposition only; no action or authority"
      }
    },
    "wr": {
      "error": "b9_stale_predecessor"
    },
    "after": {
      "child": {
        "open": "b731dbaf-03bc-41b9-a409-f9fb8e3bc065",
        "state": "returned",
        "attempt": "b731dbaf-03bc-41b9-a409-f9fb8e3bc065",
        "question": "Does the bound evidence comparator discriminate the declared missing-evidence and missing-method violations from correspondence?"
      },
      "links": [
        {
          "slot": "method",
          "claim": "e9189cff-3532-4e77-bfd4-bb451bd28241",
          "version": "17a9356a-5cef-46db-a9b3-0a912b97379e",
          "component": "18f9d378-63fb-431c-bb26-5779a1166dfe"
        },
        {
          "slot": "criteria",
          "claim": "fffbb190-f57c-48df-8513-954caa1921b7",
          "version": "7852154d-bc63-4be4-b926-232912c51910",
          "component": "633b5f58-d506-438e-9d8e-bb25968a2899"
        },
        {
          "slot": "witnesses",
          "claim": "6bb692ba-78dc-4a85-85ba-164ed08de717",
          "version": "86fa5922-eb49-47ad-bdf3-373a6cf3763a",
          "component": "f25052a4-2f71-46ac-85d8-e2663dd37145"
        },
        {
          "slot": "governance",
          "claim": "03cd94ad-80ae-44da-8d1d-13f081bf33ff",
          "version": "a5b29ec1-0bb3-4b7a-8489-34700466c107",
          "component": "7fedbb09-a4d7-4f50-84a4-0bb9fa451eb3"
        },
        {
          "slot": "applicability",
          "claim": "d68e8053-8a6c-4870-bf51-70c878cb5873",
          "version": "c75b20d3-b2f2-4b7a-8885-21544b63f0e7",
          "component": "f96b0c58-2758-41e8-859a-93be6884796e"
        }
      ],
      "parent": {
        "step": "inspect the next retained judgment under the bound evidence rules",
        "focal": "7fedbb09-a4d7-4f50-84a4-0bb9fa451eb3",
        "remit": "synthetic inspection only; no action, designation or amendment",
        "question": "May this exact retained inquiry judgment be relied upon for the next bounded inspection step under the bound governance basis, or must reliance be requalified/reoriented/held?",
        "governing_basis": {
          "claim": "03cd94ad-80ae-44da-8d1d-13f081bf33ff",
          "version": "a5b29ec1-0bb3-4b7a-8489-34700466c107",
          "component": "7fedbb09-a4d7-4f50-84a4-0bb9fa451eb3"
        }
      },
      "changes": [
        {
          "slot": "applicability",
          "event": "80897954-3cea-4455-9c70-882021d3f9ff",
          "version": "aac3ad8c-a09d-458f-b622-b07b8a902a56",
          "complete": true
        }
      ],
      "history": [
        {
          "id": "b731dbaf-03bc-41b9-a409-f9fb8e3bc065",
          "kind": "open",
          "predecessor": null
        },
        {
          "id": "3378e966-2f38-4645-a1f8-d434182cbae5",
          "kind": "judgment",
          "predecessor": "b731dbaf-03bc-41b9-a409-f9fb8e3bc065"
        },
        {
          "id": "426ce4a9-d572-48ba-aa23-5d3b415270e2",
          "kind": "return",
          "predecessor": "3378e966-2f38-4645-a1f8-d434182cbae5"
        },
        {
          "id": "da4119f8-c6be-4085-baab-5591619b25bf",
          "kind": "reentry",
          "predecessor": "426ce4a9-d572-48ba-aa23-5d3b415270e2"
        },
        {
          "id": "80897954-3cea-4455-9c70-882021d3f9ff",
          "kind": "observe",
          "predecessor": "da4119f8-c6be-4085-baab-5591619b25bf"
        }
      ],
      "locator": "82b51636-9ef8-4df6-8245-97e5b3a24b9e",
      "present": {
        "reason": "decision-bearing basis or continuity changed",
        "disposition": "REQUALIFY",
        "changed_slots": [
          "applicability",
          "independent remit unavailable/revoked"
        ],
        "g1_acceptance": {
          "outcome": "PASS",
          "findings": [
            {
              "path": [
                "evidence"
              ],
              "present": true
            },
            {
              "path": [
                "criteria"
              ],
              "present": true
            },
            {
              "path": [
                "method"
              ],
              "present": true
            },
            {
              "path": [
                "findings"
              ],
              "present": true
            }
          ]
        },
        "question_forward": {
          "route": "supply source under fixture custody; successor inquiry for changed basis; independently reenter",
          "restart": "exact source restored or new bound inquiry/version established",
          "question": "Which exact retained evidence, method, or independent applicability observation discharges this blocker?",
          "discriminator": "named witness discriminates correspondence/violation; exact declared writer history is complete"
        }
      },
      "boundary": "80897954-3cea-4455-9c70-882021d3f9ff",
      "judgment": {
        "limits": "Finite supplied rules and witnesses; trusted fixture/custody; no universal correctness, authority, currentness or amendment.",
        "source": "dbbfc77d-87e0-4080-97b4-246c16260b7f",
        "outcome": "PASS",
        "summary": "All declared finite witness outcomes correspond.",
        "evidence": [
          "a5b29ec1-0bb3-4b7a-8489-34700466c107",
          "7852154d-bc63-4be4-b926-232912c51910",
          "17a9356a-5cef-46db-a9b3-0a912b97379e",
          "86fa5922-eb49-47ad-bdf3-373a6cf3763a",
          "4065982e-dc65-4e24-82ac-63a26d8ee497"
        ],
        "findings": [
          {
            "witness": {
              "path": [
                "inputs",
                "correspondence"
              ],
              "artifact": "86fa5922-eb49-47ad-bdf3-373a6cf3763a"
            },
            "expected": "PASS",
            "observed": {
              "outcome": "PASS",
              "findings": [
                {
                  "path": [
                    "evidence"
                  ],
                  "present": true
                },
                {
                  "path": [
                    "criteria"
                  ],
                  "present": true
                },
                {
                  "path": [
                    "method"
                  ],
                  "present": true
                },
                {
                  "path": [
                    "findings"
                  ],
                  "present": true
                }
              ]
            },
            "obligation": "correspondence"
          },
          {
            "witness": {
              "path": [
                "inputs",
                "missing_evidence"
              ],
              "artifact": "86fa5922-eb49-47ad-bdf3-373a6cf3763a"
            },
            "expected": "FAIL",
            "observed": {
              "outcome": "FAIL",
              "findings": [
                {
                  "path": [
                    "evidence"
                  ],
                  "present": false
                },
                {
                  "path": [
                    "criteria"
                  ],
                  "present": true
                },
                {
                  "path": [
                    "method"
                  ],
                  "present": true
                },
                {
                  "path": [
                    "findings"
                  ],
                  "present": true
                }
              ]
            },
            "obligation": "missing_evidence"
          },
          {
            "witness": {
              "path": [
                "inputs",
                "missing_method"
              ],
              "artifact": "86fa5922-eb49-47ad-bdf3-373a6cf3763a"
            },
            "expected": "FAIL",
            "observed": {
              "outcome": "FAIL",
              "findings": [
                {
                  "path": [
                    "evidence"
                  ],
                  "present": true
                },
                {
                  "path": [
                    "criteria"
                  ],
                  "present": true
                },
                {
                  "path": [
                    "method"
                  ],
                  "present": false
                },
                {
                  "path": [
                    "findings"
                  ],
                  "present": true
                }
              ]
            },
            "obligation": "missing_method"
          }
        ]
      },
      "dependency": {
        "why": "child witness examination",
        "slot": "governance",
        "binding": {
          "slot": "governance",
          "remit": "synthetic inspection only; no action, designation or amendment",
          "scope": "00d88491-f6b8-4884-9a6a-0891319ff144",
          "method": "17a9356a-5cef-46db-a9b3-0a912b97379e",
          "parent": "82b51636-9ef8-4df6-8245-97e5b3a24b9e",
          "version": "a5b29ec1-0bb3-4b7a-8489-34700466c107",
          "criteria": "7852154d-bc63-4be4-b926-232912c51910",
          "component": "7fedbb09-a4d7-4f50-84a4-0bb9fa451eb3",
          "witnesses": "86fa5922-eb49-47ad-bdf3-373a6cf3763a",
          "child_question": "Does the bound evidence comparator discriminate the declared missing-evidence and missing-method violations from correspondence?",
          "parent_question": "May this exact retained inquiry judgment be relied upon for the next bounded inspection step under the bound governance basis, or must reliance be requalified/reoriented/held?",
          "dependency_claim": "03cd94ad-80ae-44da-8d1d-13f081bf33ff"
        }
      },
      "observations": {
        "claims": {
          "03cd94ad-80ae-44da-8d1d-13f081bf33ff": {
            "history": [],
            "standing": "unassessed"
          },
          "6bb692ba-78dc-4a85-85ba-164ed08de717": {
            "history": [],
            "standing": "unassessed"
          },
          "acae8ce4-fb49-41a3-a7c9-0d6dd9b2cda2": {
            "history": [],
            "standing": "unassessed"
          },
          "d68e8053-8a6c-4870-bf51-70c878cb5873": {
            "history": [],
            "standing": "unassessed"
          },
          "e9189cff-3532-4e77-bfd4-bb451bd28241": {
            "history": [],
            "standing": "unassessed"
          },
          "fffbb190-f57c-48df-8513-954caa1921b7": {
            "history": [],
            "standing": "unassessed"
          }
        },
        "method": {
          "history": null,
          "version": "17a9356a-5cef-46db-a9b3-0a912b97379e",
          "complete": true
        },
        "criteria": {
          "history": null,
          "version": "7852154d-bc63-4be4-b926-232912c51910",
          "complete": true
        },
        "witnesses": {
          "history": null,
          "version": "86fa5922-eb49-47ad-bdf3-373a6cf3763a",
          "complete": true
        },
        "governance": {
          "history": null,
          "version": "a5b29ec1-0bb3-4b7a-8489-34700466c107",
          "complete": true
        },
        "applicability": {
          "history": "80897954-3cea-4455-9c70-882021d3f9ff",
          "version": "aac3ad8c-a09d-458f-b622-b07b8a902a56",
          "complete": true
        }
      },
      "non_promotion": "Regenerated read projection. Historical disposition is not present permission; new reentry needs this boundary and observations.",
      "source_contract": "82b51636-9ef8-4df6-8245-97e5b3a24b9e",
      "last_disposition": {
        "id": "da4119f8-c6be-4085-baab-5591619b25bf",
        "kind": "reentry",
        "step": "inspect the next retained judgment under the bound evidence rules",
        "parent": "82b51636-9ef8-4df6-8245-97e5b3a24b9e",
        "reason": "exact child support and independently observed parent conditions apply",
        "result": "dbbfc77d-87e0-4080-97b4-246c16260b7f",
        "attempt": "b731dbaf-03bc-41b9-a409-f9fb8e3bc065",
        "request": "0d8b4d21-44c0-48cd-9840-982171189bc2",
        "signature": {
          "op": "reentry",
          "predecessor": "426ce4a9-d572-48ba-aa23-5d3b415270e2",
          "observations": {
            "claims": {
              "03cd94ad-80ae-44da-8d1d-13f081bf33ff": {
                "history": [],
                "standing": "unassessed"
              },
              "6bb692ba-78dc-4a85-85ba-164ed08de717": {
                "history": [],
                "standing": "unassessed"
              },
              "acae8ce4-fb49-41a3-a7c9-0d6dd9b2cda2": {
                "history": [],
                "standing": "unassessed"
              },
              "d68e8053-8a6c-4870-bf51-70c878cb5873": {
                "history": [],
                "standing": "unassessed"
              },
              "e9189cff-3532-4e77-bfd4-bb451bd28241": {
                "history": [],
                "standing": "unassessed"
              },
              "fffbb190-f57c-48df-8513-954caa1921b7": {
                "history": [],
                "standing": "unassessed"
              }
            },
            "method": {
              "history": null,
              "version": "17a9356a-5cef-46db-a9b3-0a912b97379e",
              "complete": true
            },
            "criteria": {
              "history": null,
              "version": "7852154d-bc63-4be4-b926-232912c51910",
              "complete": true
            },
            "witnesses": {
              "history": null,
              "version": "86fa5922-eb49-47ad-bdf3-373a6cf3763a",
              "complete": true
            },
            "governance": {
              "history": null,
              "version": "a5b29ec1-0bb3-4b7a-8489-34700466c107",
              "complete": true
            },
            "applicability": {
              "history": null,
              "version": "c75b20d3-b2f2-4b7a-8885-21544b63f0e7",
              "complete": true
            }
          }
        },
        "attribution": "b9_parent",
        "disposition": "CONTINUE",
        "predecessor": "426ce4a9-d572-48ba-aa23-5d3b415270e2",
        "observations": {
          "claims": {
            "03cd94ad-80ae-44da-8d1d-13f081bf33ff": {
              "history": [],
              "standing": "unassessed"
            },
            "6bb692ba-78dc-4a85-85ba-164ed08de717": {
              "history": [],
              "standing": "unassessed"
            },
            "acae8ce4-fb49-41a3-a7c9-0d6dd9b2cda2": {
              "history": [],
              "standing": "unassessed"
            },
            "d68e8053-8a6c-4870-bf51-70c878cb5873": {
              "history": [],
              "standing": "unassessed"
            },
            "e9189cff-3532-4e77-bfd4-bb451bd28241": {
              "history": [],
              "standing": "unassessed"
            },
            "fffbb190-f57c-48df-8513-954caa1921b7": {
              "history": [],
              "standing": "unassessed"
            }
          },
          "method": {
            "history": null,
            "version": "17a9356a-5cef-46db-a9b3-0a912b97379e",
            "complete": true
          },
          "criteria": {
            "history": null,
            "version": "7852154d-bc63-4be4-b926-232912c51910",
            "complete": true
          },
          "witnesses": {
            "history": null,
            "version": "86fa5922-eb49-47ad-bdf3-373a6cf3763a",
            "complete": true
          },
          "governance": {
            "history": null,
            "version": "a5b29ec1-0bb3-4b7a-8489-34700466c107",
            "complete": true
          },
          "applicability": {
            "history": null,
            "version": "c75b20d3-b2f2-4b7a-8885-21544b63f0e7",
            "complete": true
          }
        },
        "g1_acceptance": {
          "outcome": "PASS",
          "findings": [
            {
              "path": [
                "evidence"
              ],
              "present": true
            },
            {
              "path": [
                "criteria"
              ],
              "present": true
            },
            {
              "path": [
                "method"
              ],
              "present": true
            },
            {
              "path": [
                "findings"
              ],
              "present": true
            }
          ]
        },
        "non_promotion": "inquiry disposition only; no action or authority"
      }
    }
  },
  {
    "id": "P12",
    "control": "open before-commit",
    "before": {
      "child": {
        "open": null,
        "state": "not opened",
        "attempt": null,
        "question": "Does the bound evidence comparator discriminate the declared missing-evidence and missing-method violations from correspondence?"
      },
      "links": [
        {
          "slot": "method",
          "claim": "32f0e30f-7823-485d-bea2-9e121dd70902",
          "version": "628ef44e-7e38-4af5-bdc7-7aa993335c49",
          "component": "b4cef67e-75a6-46fe-aca6-c909405279ff"
        },
        {
          "slot": "criteria",
          "claim": "35a665b2-4911-4eaa-a0de-5a6d9c460a5d",
          "version": "80c01be9-fb05-4873-b8a3-648398ad9af2",
          "component": "01acf240-0bcc-407a-a8a3-35938347799a"
        },
        {
          "slot": "witnesses",
          "claim": "110222f9-0736-4f30-a866-9b735de633da",
          "version": "d50f6f92-a5d0-40c9-9555-08602a66b218",
          "component": "c9a60a52-7659-49f4-8ae3-e564c9eb2ca7"
        },
        {
          "slot": "governance",
          "claim": "c04bb0c1-07cb-4ed6-a15a-81a1ad69f1d5",
          "version": "27efd6eb-f0e9-4b4e-8c52-2ebf795069ba",
          "component": "bee1f9f5-0b32-4fab-a551-8faa1fdcf11e"
        },
        {
          "slot": "applicability",
          "claim": "a35d0bb3-3261-4c2a-8e80-d2c6fda061dc",
          "version": "66257526-a4cc-46bf-8841-aed2196438f9",
          "component": "ee4a3cde-8c4d-4ca9-983b-0aa82641a0e7"
        }
      ],
      "parent": {
        "step": "inspect the next retained judgment under the bound evidence rules",
        "focal": "bee1f9f5-0b32-4fab-a551-8faa1fdcf11e",
        "remit": "synthetic inspection only; no action, designation or amendment",
        "question": "May this exact retained inquiry judgment be relied upon for the next bounded inspection step under the bound governance basis, or must reliance be requalified/reoriented/held?",
        "governing_basis": {
          "claim": "c04bb0c1-07cb-4ed6-a15a-81a1ad69f1d5",
          "version": "27efd6eb-f0e9-4b4e-8c52-2ebf795069ba",
          "component": "bee1f9f5-0b32-4fab-a551-8faa1fdcf11e"
        }
      },
      "changes": [],
      "history": [],
      "locator": "11c5d1cc-2b1b-4ab3-bd39-17e226bdb414",
      "present": {
        "reason": "child result unresolved or not returned",
        "disposition": "HOLD",
        "question_forward": {
          "route": "supply source under fixture custody; successor inquiry for changed basis; independently reenter",
          "restart": "exact source restored or new bound inquiry/version established",
          "question": "Which exact retained evidence, method, or independent applicability observation discharges this blocker?",
          "discriminator": "named witness discriminates correspondence/violation; exact declared writer history is complete"
        }
      },
      "boundary": null,
      "judgment": null,
      "dependency": {
        "why": "child witness examination",
        "slot": "governance",
        "binding": {
          "slot": "governance",
          "remit": "synthetic inspection only; no action, designation or amendment",
          "scope": "bcc6d494-1bb4-49db-a5a7-490bb01a4857",
          "method": "628ef44e-7e38-4af5-bdc7-7aa993335c49",
          "parent": "11c5d1cc-2b1b-4ab3-bd39-17e226bdb414",
          "version": "27efd6eb-f0e9-4b4e-8c52-2ebf795069ba",
          "criteria": "80c01be9-fb05-4873-b8a3-648398ad9af2",
          "component": "bee1f9f5-0b32-4fab-a551-8faa1fdcf11e",
          "witnesses": "d50f6f92-a5d0-40c9-9555-08602a66b218",
          "child_question": "Does the bound evidence comparator discriminate the declared missing-evidence and missing-method violations from correspondence?",
          "parent_question": "May this exact retained inquiry judgment be relied upon for the next bounded inspection step under the bound governance basis, or must reliance be requalified/reoriented/held?",
          "dependency_claim": "c04bb0c1-07cb-4ed6-a15a-81a1ad69f1d5"
        }
      },
      "observations": {
        "claims": {
          "110222f9-0736-4f30-a866-9b735de633da": {
            "history": [],
            "standing": "unassessed"
          },
          "32f0e30f-7823-485d-bea2-9e121dd70902": {
            "history": [],
            "standing": "unassessed"
          },
          "35a665b2-4911-4eaa-a0de-5a6d9c460a5d": {
            "history": [],
            "standing": "unassessed"
          },
          "506aba4a-86a7-4d4c-b843-1cb74da88ce9": {
            "history": [],
            "standing": "unassessed"
          },
          "a35d0bb3-3261-4c2a-8e80-d2c6fda061dc": {
            "history": [],
            "standing": "unassessed"
          },
          "c04bb0c1-07cb-4ed6-a15a-81a1ad69f1d5": {
            "history": [],
            "standing": "unassessed"
          }
        },
        "method": {
          "history": null,
          "version": "628ef44e-7e38-4af5-bdc7-7aa993335c49",
          "complete": true
        },
        "criteria": {
          "history": null,
          "version": "80c01be9-fb05-4873-b8a3-648398ad9af2",
          "complete": true
        },
        "witnesses": {
          "history": null,
          "version": "d50f6f92-a5d0-40c9-9555-08602a66b218",
          "complete": true
        },
        "governance": {
          "history": null,
          "version": "27efd6eb-f0e9-4b4e-8c52-2ebf795069ba",
          "complete": true
        },
        "applicability": {
          "history": null,
          "version": "66257526-a4cc-46bf-8841-aed2196438f9",
          "complete": true
        }
      },
      "non_promotion": "Regenerated read projection. Historical disposition is not present permission; new reentry needs this boundary and observations.",
      "source_contract": "11c5d1cc-2b1b-4ab3-bd39-17e226bdb414",
      "last_disposition": null
    },
    "phases": [
      "ready",
      "applied-uncommitted"
    ],
    "after": {
      "child": {
        "open": null,
        "state": "not opened",
        "attempt": null,
        "question": "Does the bound evidence comparator discriminate the declared missing-evidence and missing-method violations from correspondence?"
      },
      "links": [
        {
          "slot": "method",
          "claim": "32f0e30f-7823-485d-bea2-9e121dd70902",
          "version": "628ef44e-7e38-4af5-bdc7-7aa993335c49",
          "component": "b4cef67e-75a6-46fe-aca6-c909405279ff"
        },
        {
          "slot": "criteria",
          "claim": "35a665b2-4911-4eaa-a0de-5a6d9c460a5d",
          "version": "80c01be9-fb05-4873-b8a3-648398ad9af2",
          "component": "01acf240-0bcc-407a-a8a3-35938347799a"
        },
        {
          "slot": "witnesses",
          "claim": "110222f9-0736-4f30-a866-9b735de633da",
          "version": "d50f6f92-a5d0-40c9-9555-08602a66b218",
          "component": "c9a60a52-7659-49f4-8ae3-e564c9eb2ca7"
        },
        {
          "slot": "governance",
          "claim": "c04bb0c1-07cb-4ed6-a15a-81a1ad69f1d5",
          "version": "27efd6eb-f0e9-4b4e-8c52-2ebf795069ba",
          "component": "bee1f9f5-0b32-4fab-a551-8faa1fdcf11e"
        },
        {
          "slot": "applicability",
          "claim": "a35d0bb3-3261-4c2a-8e80-d2c6fda061dc",
          "version": "66257526-a4cc-46bf-8841-aed2196438f9",
          "component": "ee4a3cde-8c4d-4ca9-983b-0aa82641a0e7"
        }
      ],
      "parent": {
        "step": "inspect the next retained judgment under the bound evidence rules",
        "focal": "bee1f9f5-0b32-4fab-a551-8faa1fdcf11e",
        "remit": "synthetic inspection only; no action, designation or amendment",
        "question": "May this exact retained inquiry judgment be relied upon for the next bounded inspection step under the bound governance basis, or must reliance be requalified/reoriented/held?",
        "governing_basis": {
          "claim": "c04bb0c1-07cb-4ed6-a15a-81a1ad69f1d5",
          "version": "27efd6eb-f0e9-4b4e-8c52-2ebf795069ba",
          "component": "bee1f9f5-0b32-4fab-a551-8faa1fdcf11e"
        }
      },
      "changes": [],
      "history": [],
      "locator": "11c5d1cc-2b1b-4ab3-bd39-17e226bdb414",
      "present": {
        "reason": "child result unresolved or not returned",
        "disposition": "HOLD",
        "question_forward": {
          "route": "supply source under fixture custody; successor inquiry for changed basis; independently reenter",
          "restart": "exact source restored or new bound inquiry/version established",
          "question": "Which exact retained evidence, method, or independent applicability observation discharges this blocker?",
          "discriminator": "named witness discriminates correspondence/violation; exact declared writer history is complete"
        }
      },
      "boundary": null,
      "judgment": null,
      "dependency": {
        "why": "child witness examination",
        "slot": "governance",
        "binding": {
          "slot": "governance",
          "remit": "synthetic inspection only; no action, designation or amendment",
          "scope": "bcc6d494-1bb4-49db-a5a7-490bb01a4857",
          "method": "628ef44e-7e38-4af5-bdc7-7aa993335c49",
          "parent": "11c5d1cc-2b1b-4ab3-bd39-17e226bdb414",
          "version": "27efd6eb-f0e9-4b4e-8c52-2ebf795069ba",
          "criteria": "80c01be9-fb05-4873-b8a3-648398ad9af2",
          "component": "bee1f9f5-0b32-4fab-a551-8faa1fdcf11e",
          "witnesses": "d50f6f92-a5d0-40c9-9555-08602a66b218",
          "child_question": "Does the bound evidence comparator discriminate the declared missing-evidence and missing-method violations from correspondence?",
          "parent_question": "May this exact retained inquiry judgment be relied upon for the next bounded inspection step under the bound governance basis, or must reliance be requalified/reoriented/held?",
          "dependency_claim": "c04bb0c1-07cb-4ed6-a15a-81a1ad69f1d5"
        }
      },
      "observations": {
        "claims": {
          "110222f9-0736-4f30-a866-9b735de633da": {
            "history": [],
            "standing": "unassessed"
          },
          "32f0e30f-7823-485d-bea2-9e121dd70902": {
            "history": [],
            "standing": "unassessed"
          },
          "35a665b2-4911-4eaa-a0de-5a6d9c460a5d": {
            "history": [],
            "standing": "unassessed"
          },
          "506aba4a-86a7-4d4c-b843-1cb74da88ce9": {
            "history": [],
            "standing": "unassessed"
          },
          "a35d0bb3-3261-4c2a-8e80-d2c6fda061dc": {
            "history": [],
            "standing": "unassessed"
          },
          "c04bb0c1-07cb-4ed6-a15a-81a1ad69f1d5": {
            "history": [],
            "standing": "unassessed"
          }
        },
        "method": {
          "history": null,
          "version": "628ef44e-7e38-4af5-bdc7-7aa993335c49",
          "complete": true
        },
        "criteria": {
          "history": null,
          "version": "80c01be9-fb05-4873-b8a3-648398ad9af2",
          "complete": true
        },
        "witnesses": {
          "history": null,
          "version": "d50f6f92-a5d0-40c9-9555-08602a66b218",
          "complete": true
        },
        "governance": {
          "history": null,
          "version": "27efd6eb-f0e9-4b4e-8c52-2ebf795069ba",
          "complete": true
        },
        "applicability": {
          "history": null,
          "version": "66257526-a4cc-46bf-8841-aed2196438f9",
          "complete": true
        }
      },
      "non_promotion": "Regenerated read projection. Historical disposition is not present permission; new reentry needs this boundary and observations.",
      "source_contract": "11c5d1cc-2b1b-4ab3-bd39-17e226bdb414",
      "last_disposition": null
    },
    "recovered": {
      "event": "17cf59e1-61e0-4042-b79a-fd9192018a73",
      "opened": true,
      "replay": false
    },
    "cold": {
      "locator": "11c5d1cc-2b1b-4ab3-bd39-17e226bdb414",
      "source_contract": "11c5d1cc-2b1b-4ab3-bd39-17e226bdb414",
      "boundary": "17cf59e1-61e0-4042-b79a-fd9192018a73",
      "parent": {
        "step": "inspect the next retained judgment under the bound evidence rules",
        "focal": "bee1f9f5-0b32-4fab-a551-8faa1fdcf11e",
        "remit": "synthetic inspection only; no action, designation or amendment",
        "question": "May this exact retained inquiry judgment be relied upon for the next bounded inspection step under the bound governance basis, or must reliance be requalified/reoriented/held?",
        "governing_basis": {
          "claim": "c04bb0c1-07cb-4ed6-a15a-81a1ad69f1d5",
          "version": "27efd6eb-f0e9-4b4e-8c52-2ebf795069ba",
          "component": "bee1f9f5-0b32-4fab-a551-8faa1fdcf11e"
        }
      },
      "dependency": {
        "why": "child witness examination",
        "slot": "governance",
        "binding": {
          "slot": "governance",
          "remit": "synthetic inspection only; no action, designation or amendment",
          "scope": "bcc6d494-1bb4-49db-a5a7-490bb01a4857",
          "method": "628ef44e-7e38-4af5-bdc7-7aa993335c49",
          "parent": "11c5d1cc-2b1b-4ab3-bd39-17e226bdb414",
          "version": "27efd6eb-f0e9-4b4e-8c52-2ebf795069ba",
          "criteria": "80c01be9-fb05-4873-b8a3-648398ad9af2",
          "component": "bee1f9f5-0b32-4fab-a551-8faa1fdcf11e",
          "witnesses": "d50f6f92-a5d0-40c9-9555-08602a66b218",
          "child_question": "Does the bound evidence comparator discriminate the declared missing-evidence and missing-method violations from correspondence?",
          "parent_question": "May this exact retained inquiry judgment be relied upon for the next bounded inspection step under the bound governance basis, or must reliance be requalified/reoriented/held?",
          "dependency_claim": "c04bb0c1-07cb-4ed6-a15a-81a1ad69f1d5"
        }
      },
      "child": {
        "open": "17cf59e1-61e0-4042-b79a-fd9192018a73",
        "state": "open; unresolved",
        "attempt": "17cf59e1-61e0-4042-b79a-fd9192018a73",
        "question": "Does the bound evidence comparator discriminate the declared missing-evidence and missing-method violations from correspondence?"
      },
      "judgment": null,
      "observations": {
        "claims": {
          "110222f9-0736-4f30-a866-9b735de633da": {
            "history": [],
            "standing": "unassessed"
          },
          "32f0e30f-7823-485d-bea2-9e121dd70902": {
            "history": [],
            "standing": "unassessed"
          },
          "35a665b2-4911-4eaa-a0de-5a6d9c460a5d": {
            "history": [],
            "standing": "unassessed"
          },
          "506aba4a-86a7-4d4c-b843-1cb74da88ce9": {
            "history": [],
            "standing": "unassessed"
          },
          "a35d0bb3-3261-4c2a-8e80-d2c6fda061dc": {
            "history": [],
            "standing": "unassessed"
          },
          "c04bb0c1-07cb-4ed6-a15a-81a1ad69f1d5": {
            "history": [],
            "standing": "unassessed"
          }
        },
        "method": {
          "history": null,
          "version": "628ef44e-7e38-4af5-bdc7-7aa993335c49",
          "complete": true
        },
        "criteria": {
          "history": null,
          "version": "80c01be9-fb05-4873-b8a3-648398ad9af2",
          "complete": true
        },
        "witnesses": {
          "history": null,
          "version": "d50f6f92-a5d0-40c9-9555-08602a66b218",
          "complete": true
        },
        "governance": {
          "history": null,
          "version": "27efd6eb-f0e9-4b4e-8c52-2ebf795069ba",
          "complete": true
        },
        "applicability": {
          "history": null,
          "version": "66257526-a4cc-46bf-8841-aed2196438f9",
          "complete": true
        }
      },
      "changes": [],
      "last_disposition": null,
      "present": {
        "reason": "child result unresolved or not returned",
        "disposition": "HOLD",
        "question_forward": {
          "route": "supply source under fixture custody; successor inquiry for changed basis; independently reenter",
          "restart": "exact source restored or new bound inquiry/version established",
          "question": "Which exact retained evidence, method, or independent applicability observation discharges this blocker?",
          "discriminator": "named witness discriminates correspondence/violation; exact declared writer history is complete"
        }
      },
      "history": {
        "head": "17cf59e1-61e0-4042-b79a-fd9192018a73",
        "retained_transitions": 1,
        "access": "Read head source and follow exact predecessor links."
      },
      "non_promotion": "Regenerated read projection. Historical disposition is not present permission; new reentry needs this boundary and observations."
    }
  },
  {
    "id": "P12",
    "control": "open after-commit",
    "before": {
      "child": {
        "open": null,
        "state": "not opened",
        "attempt": null,
        "question": "Does the bound evidence comparator discriminate the declared missing-evidence and missing-method violations from correspondence?"
      },
      "links": [
        {
          "slot": "method",
          "claim": "50c257df-3b0c-4036-973a-ad62d3aa2906",
          "version": "087db8bb-ca12-40e8-995b-4bc0e9bd5302",
          "component": "419021fb-174d-4200-ab73-30d681edc385"
        },
        {
          "slot": "criteria",
          "claim": "9780ccee-29a9-4de4-b21d-5b7a03a1b113",
          "version": "c21ab85e-9c41-42d9-943f-ef3da6a6dd63",
          "component": "319f192d-1c8d-4f24-ad1a-7a4445ff77f8"
        },
        {
          "slot": "witnesses",
          "claim": "3edeedcd-3854-4f4c-b41d-e0511e736b12",
          "version": "2816b736-6863-44a1-bff8-4078b50f1441",
          "component": "4aca6d98-71c1-4604-884d-4867c2384f61"
        },
        {
          "slot": "governance",
          "claim": "cbce0904-3944-4c8a-8c51-ed1ae1c0fba4",
          "version": "fc0f9af2-17f9-47a4-a660-086e621ccc9d",
          "component": "a55c351d-481a-4cbc-8f02-d4b40b36e7f6"
        },
        {
          "slot": "applicability",
          "claim": "ce834534-207f-486f-882a-a1c3c4ded8eb",
          "version": "e6e777dd-13da-4d98-8748-544a1f8870c5",
          "component": "76c0c2df-e9f8-4078-816d-69cc2bf3a379"
        }
      ],
      "parent": {
        "step": "inspect the next retained judgment under the bound evidence rules",
        "focal": "a55c351d-481a-4cbc-8f02-d4b40b36e7f6",
        "remit": "synthetic inspection only; no action, designation or amendment",
        "question": "May this exact retained inquiry judgment be relied upon for the next bounded inspection step under the bound governance basis, or must reliance be requalified/reoriented/held?",
        "governing_basis": {
          "claim": "cbce0904-3944-4c8a-8c51-ed1ae1c0fba4",
          "version": "fc0f9af2-17f9-47a4-a660-086e621ccc9d",
          "component": "a55c351d-481a-4cbc-8f02-d4b40b36e7f6"
        }
      },
      "changes": [],
      "history": [],
      "locator": "2db06077-7375-457c-bf6c-07434dfa23fb",
      "present": {
        "reason": "child result unresolved or not returned",
        "disposition": "HOLD",
        "question_forward": {
          "route": "supply source under fixture custody; successor inquiry for changed basis; independently reenter",
          "restart": "exact source restored or new bound inquiry/version established",
          "question": "Which exact retained evidence, method, or independent applicability observation discharges this blocker?",
          "discriminator": "named witness discriminates correspondence/violation; exact declared writer history is complete"
        }
      },
      "boundary": null,
      "judgment": null,
      "dependency": {
        "why": "child witness examination",
        "slot": "governance",
        "binding": {
          "slot": "governance",
          "remit": "synthetic inspection only; no action, designation or amendment",
          "scope": "895bee33-28de-4cb0-b855-757849bd8cff",
          "method": "087db8bb-ca12-40e8-995b-4bc0e9bd5302",
          "parent": "2db06077-7375-457c-bf6c-07434dfa23fb",
          "version": "fc0f9af2-17f9-47a4-a660-086e621ccc9d",
          "criteria": "c21ab85e-9c41-42d9-943f-ef3da6a6dd63",
          "component": "a55c351d-481a-4cbc-8f02-d4b40b36e7f6",
          "witnesses": "2816b736-6863-44a1-bff8-4078b50f1441",
          "child_question": "Does the bound evidence comparator discriminate the declared missing-evidence and missing-method violations from correspondence?",
          "parent_question": "May this exact retained inquiry judgment be relied upon for the next bounded inspection step under the bound governance basis, or must reliance be requalified/reoriented/held?",
          "dependency_claim": "cbce0904-3944-4c8a-8c51-ed1ae1c0fba4"
        }
      },
      "observations": {
        "claims": {
          "3edeedcd-3854-4f4c-b41d-e0511e736b12": {
            "history": [],
            "standing": "unassessed"
          },
          "50c257df-3b0c-4036-973a-ad62d3aa2906": {
            "history": [],
            "standing": "unassessed"
          },
          "9780ccee-29a9-4de4-b21d-5b7a03a1b113": {
            "history": [],
            "standing": "unassessed"
          },
          "b5549edb-5121-44bf-a025-57fff2ff5782": {
            "history": [],
            "standing": "unassessed"
          },
          "cbce0904-3944-4c8a-8c51-ed1ae1c0fba4": {
            "history": [],
            "standing": "unassessed"
          },
          "ce834534-207f-486f-882a-a1c3c4ded8eb": {
            "history": [],
            "standing": "unassessed"
          }
        },
        "method": {
          "history": null,
          "version": "087db8bb-ca12-40e8-995b-4bc0e9bd5302",
          "complete": true
        },
        "criteria": {
          "history": null,
          "version": "c21ab85e-9c41-42d9-943f-ef3da6a6dd63",
          "complete": true
        },
        "witnesses": {
          "history": null,
          "version": "2816b736-6863-44a1-bff8-4078b50f1441",
          "complete": true
        },
        "governance": {
          "history": null,
          "version": "fc0f9af2-17f9-47a4-a660-086e621ccc9d",
          "complete": true
        },
        "applicability": {
          "history": null,
          "version": "e6e777dd-13da-4d98-8748-544a1f8870c5",
          "complete": true
        }
      },
      "non_promotion": "Regenerated read projection. Historical disposition is not present permission; new reentry needs this boundary and observations.",
      "source_contract": "2db06077-7375-457c-bf6c-07434dfa23fb",
      "last_disposition": null
    },
    "phases": [
      "ready",
      "committed-no-caller-ack"
    ],
    "after": {
      "child": {
        "open": "eb82e6e0-8a79-4940-a137-a8ae497c0d9b",
        "state": "open; unresolved",
        "attempt": "eb82e6e0-8a79-4940-a137-a8ae497c0d9b",
        "question": "Does the bound evidence comparator discriminate the declared missing-evidence and missing-method violations from correspondence?"
      },
      "links": [
        {
          "slot": "method",
          "claim": "50c257df-3b0c-4036-973a-ad62d3aa2906",
          "version": "087db8bb-ca12-40e8-995b-4bc0e9bd5302",
          "component": "419021fb-174d-4200-ab73-30d681edc385"
        },
        {
          "slot": "criteria",
          "claim": "9780ccee-29a9-4de4-b21d-5b7a03a1b113",
          "version": "c21ab85e-9c41-42d9-943f-ef3da6a6dd63",
          "component": "319f192d-1c8d-4f24-ad1a-7a4445ff77f8"
        },
        {
          "slot": "witnesses",
          "claim": "3edeedcd-3854-4f4c-b41d-e0511e736b12",
          "version": "2816b736-6863-44a1-bff8-4078b50f1441",
          "component": "4aca6d98-71c1-4604-884d-4867c2384f61"
        },
        {
          "slot": "governance",
          "claim": "cbce0904-3944-4c8a-8c51-ed1ae1c0fba4",
          "version": "fc0f9af2-17f9-47a4-a660-086e621ccc9d",
          "component": "a55c351d-481a-4cbc-8f02-d4b40b36e7f6"
        },
        {
          "slot": "applicability",
          "claim": "ce834534-207f-486f-882a-a1c3c4ded8eb",
          "version": "e6e777dd-13da-4d98-8748-544a1f8870c5",
          "component": "76c0c2df-e9f8-4078-816d-69cc2bf3a379"
        }
      ],
      "parent": {
        "step": "inspect the next retained judgment under the bound evidence rules",
        "focal": "a55c351d-481a-4cbc-8f02-d4b40b36e7f6",
        "remit": "synthetic inspection only; no action, designation or amendment",
        "question": "May this exact retained inquiry judgment be relied upon for the next bounded inspection step under the bound governance basis, or must reliance be requalified/reoriented/held?",
        "governing_basis": {
          "claim": "cbce0904-3944-4c8a-8c51-ed1ae1c0fba4",
          "version": "fc0f9af2-17f9-47a4-a660-086e621ccc9d",
          "component": "a55c351d-481a-4cbc-8f02-d4b40b36e7f6"
        }
      },
      "changes": [],
      "history": [
        {
          "id": "eb82e6e0-8a79-4940-a137-a8ae497c0d9b",
          "kind": "open",
          "predecessor": null
        }
      ],
      "locator": "2db06077-7375-457c-bf6c-07434dfa23fb",
      "present": {
        "reason": "child result unresolved or not returned",
        "disposition": "HOLD",
        "question_forward": {
          "route": "supply source under fixture custody; successor inquiry for changed basis; independently reenter",
          "restart": "exact source restored or new bound inquiry/version established",
          "question": "Which exact retained evidence, method, or independent applicability observation discharges this blocker?",
          "discriminator": "named witness discriminates correspondence/violation; exact declared writer history is complete"
        }
      },
      "boundary": "eb82e6e0-8a79-4940-a137-a8ae497c0d9b",
      "judgment": null,
      "dependency": {
        "why": "child witness examination",
        "slot": "governance",
        "binding": {
          "slot": "governance",
          "remit": "synthetic inspection only; no action, designation or amendment",
          "scope": "895bee33-28de-4cb0-b855-757849bd8cff",
          "method": "087db8bb-ca12-40e8-995b-4bc0e9bd5302",
          "parent": "2db06077-7375-457c-bf6c-07434dfa23fb",
          "version": "fc0f9af2-17f9-47a4-a660-086e621ccc9d",
          "criteria": "c21ab85e-9c41-42d9-943f-ef3da6a6dd63",
          "component": "a55c351d-481a-4cbc-8f02-d4b40b36e7f6",
          "witnesses": "2816b736-6863-44a1-bff8-4078b50f1441",
          "child_question": "Does the bound evidence comparator discriminate the declared missing-evidence and missing-method violations from correspondence?",
          "parent_question": "May this exact retained inquiry judgment be relied upon for the next bounded inspection step under the bound governance basis, or must reliance be requalified/reoriented/held?",
          "dependency_claim": "cbce0904-3944-4c8a-8c51-ed1ae1c0fba4"
        }
      },
      "observations": {
        "claims": {
          "3edeedcd-3854-4f4c-b41d-e0511e736b12": {
            "history": [],
            "standing": "unassessed"
          },
          "50c257df-3b0c-4036-973a-ad62d3aa2906": {
            "history": [],
            "standing": "unassessed"
          },
          "9780ccee-29a9-4de4-b21d-5b7a03a1b113": {
            "history": [],
            "standing": "unassessed"
          },
          "b5549edb-5121-44bf-a025-57fff2ff5782": {
            "history": [],
            "standing": "unassessed"
          },
          "cbce0904-3944-4c8a-8c51-ed1ae1c0fba4": {
            "history": [],
            "standing": "unassessed"
          },
          "ce834534-207f-486f-882a-a1c3c4ded8eb": {
            "history": [],
            "standing": "unassessed"
          }
        },
        "method": {
          "history": null,
          "version": "087db8bb-ca12-40e8-995b-4bc0e9bd5302",
          "complete": true
        },
        "criteria": {
          "history": null,
          "version": "c21ab85e-9c41-42d9-943f-ef3da6a6dd63",
          "complete": true
        },
        "witnesses": {
          "history": null,
          "version": "2816b736-6863-44a1-bff8-4078b50f1441",
          "complete": true
        },
        "governance": {
          "history": null,
          "version": "fc0f9af2-17f9-47a4-a660-086e621ccc9d",
          "complete": true
        },
        "applicability": {
          "history": null,
          "version": "e6e777dd-13da-4d98-8748-544a1f8870c5",
          "complete": true
        }
      },
      "non_promotion": "Regenerated read projection. Historical disposition is not present permission; new reentry needs this boundary and observations.",
      "source_contract": "2db06077-7375-457c-bf6c-07434dfa23fb",
      "last_disposition": null
    },
    "recovered": {
      "event": "eb82e6e0-8a79-4940-a137-a8ae497c0d9b",
      "replay": true
    },
    "cold": {
      "locator": "2db06077-7375-457c-bf6c-07434dfa23fb",
      "source_contract": "2db06077-7375-457c-bf6c-07434dfa23fb",
      "boundary": "eb82e6e0-8a79-4940-a137-a8ae497c0d9b",
      "parent": {
        "step": "inspect the next retained judgment under the bound evidence rules",
        "focal": "a55c351d-481a-4cbc-8f02-d4b40b36e7f6",
        "remit": "synthetic inspection only; no action, designation or amendment",
        "question": "May this exact retained inquiry judgment be relied upon for the next bounded inspection step under the bound governance basis, or must reliance be requalified/reoriented/held?",
        "governing_basis": {
          "claim": "cbce0904-3944-4c8a-8c51-ed1ae1c0fba4",
          "version": "fc0f9af2-17f9-47a4-a660-086e621ccc9d",
          "component": "a55c351d-481a-4cbc-8f02-d4b40b36e7f6"
        }
      },
      "dependency": {
        "why": "child witness examination",
        "slot": "governance",
        "binding": {
          "slot": "governance",
          "remit": "synthetic inspection only; no action, designation or amendment",
          "scope": "895bee33-28de-4cb0-b855-757849bd8cff",
          "method": "087db8bb-ca12-40e8-995b-4bc0e9bd5302",
          "parent": "2db06077-7375-457c-bf6c-07434dfa23fb",
          "version": "fc0f9af2-17f9-47a4-a660-086e621ccc9d",
          "criteria": "c21ab85e-9c41-42d9-943f-ef3da6a6dd63",
          "component": "a55c351d-481a-4cbc-8f02-d4b40b36e7f6",
          "witnesses": "2816b736-6863-44a1-bff8-4078b50f1441",
          "child_question": "Does the bound evidence comparator discriminate the declared missing-evidence and missing-method violations from correspondence?",
          "parent_question": "May this exact retained inquiry judgment be relied upon for the next bounded inspection step under the bound governance basis, or must reliance be requalified/reoriented/held?",
          "dependency_claim": "cbce0904-3944-4c8a-8c51-ed1ae1c0fba4"
        }
      },
      "child": {
        "open": "eb82e6e0-8a79-4940-a137-a8ae497c0d9b",
        "state": "open; unresolved",
        "attempt": "eb82e6e0-8a79-4940-a137-a8ae497c0d9b",
        "question": "Does the bound evidence comparator discriminate the declared missing-evidence and missing-method violations from correspondence?"
      },
      "judgment": null,
      "observations": {
        "claims": {
          "3edeedcd-3854-4f4c-b41d-e0511e736b12": {
            "history": [],
            "standing": "unassessed"
          },
          "50c257df-3b0c-4036-973a-ad62d3aa2906": {
            "history": [],
            "standing": "unassessed"
          },
          "9780ccee-29a9-4de4-b21d-5b7a03a1b113": {
            "history": [],
            "standing": "unassessed"
          },
          "b5549edb-5121-44bf-a025-57fff2ff5782": {
            "history": [],
            "standing": "unassessed"
          },
          "cbce0904-3944-4c8a-8c51-ed1ae1c0fba4": {
            "history": [],
            "standing": "unassessed"
          },
          "ce834534-207f-486f-882a-a1c3c4ded8eb": {
            "history": [],
            "standing": "unassessed"
          }
        },
        "method": {
          "history": null,
          "version": "087db8bb-ca12-40e8-995b-4bc0e9bd5302",
          "complete": true
        },
        "criteria": {
          "history": null,
          "version": "c21ab85e-9c41-42d9-943f-ef3da6a6dd63",
          "complete": true
        },
        "witnesses": {
          "history": null,
          "version": "2816b736-6863-44a1-bff8-4078b50f1441",
          "complete": true
        },
        "governance": {
          "history": null,
          "version": "fc0f9af2-17f9-47a4-a660-086e621ccc9d",
          "complete": true
        },
        "applicability": {
          "history": null,
          "version": "e6e777dd-13da-4d98-8748-544a1f8870c5",
          "complete": true
        }
      },
      "changes": [],
      "last_disposition": null,
      "present": {
        "reason": "child result unresolved or not returned",
        "disposition": "HOLD",
        "question_forward": {
          "route": "supply source under fixture custody; successor inquiry for changed basis; independently reenter",
          "restart": "exact source restored or new bound inquiry/version established",
          "question": "Which exact retained evidence, method, or independent applicability observation discharges this blocker?",
          "discriminator": "named witness discriminates correspondence/violation; exact declared writer history is complete"
        }
      },
      "history": {
        "head": "eb82e6e0-8a79-4940-a137-a8ae497c0d9b",
        "retained_transitions": 1,
        "access": "Read head source and follow exact predecessor links."
      },
      "non_promotion": "Regenerated read projection. Historical disposition is not present permission; new reentry needs this boundary and observations."
    }
  },
  {
    "id": "P12",
    "control": "publish before-commit",
    "before": {
      "child": {
        "open": "731f257e-3ef8-44d7-97f7-f2b5eee9f411",
        "state": "open; unresolved",
        "attempt": "731f257e-3ef8-44d7-97f7-f2b5eee9f411",
        "question": "Does the bound evidence comparator discriminate the declared missing-evidence and missing-method violations from correspondence?"
      },
      "links": [
        {
          "slot": "method",
          "claim": "37a3037c-5dde-4f71-8e84-c263a2289f71",
          "version": "65b3bb91-35eb-4c90-bcbc-8c720f447382",
          "component": "804f17ee-28be-4464-8f34-d679b7cfdac7"
        },
        {
          "slot": "criteria",
          "claim": "f9fd7cff-12cd-4dae-9b04-2676a25669f0",
          "version": "b270f9a4-9f53-46c5-85be-00fbd1c7ae86",
          "component": "642de1e0-086c-47be-baae-9961ffe07e48"
        },
        {
          "slot": "witnesses",
          "claim": "757d8dc5-a9a5-4b79-bc7a-27942456ac2d",
          "version": "d4e1cd92-6b15-4983-b962-38a636dedde5",
          "component": "55cf0f06-d014-4f5e-a013-04691a9e82c3"
        },
        {
          "slot": "governance",
          "claim": "36b0dba2-66cb-466c-a808-fe861874f177",
          "version": "72d2b633-afb5-4300-9544-9f06b58a7c85",
          "component": "a609fc01-4e92-4cf3-9c07-202887ff66c1"
        },
        {
          "slot": "applicability",
          "claim": "9066781d-4ae2-4295-875c-7c6071b51cd8",
          "version": "2f20f363-7be1-45c1-b890-67d2ad6c3de0",
          "component": "e6e5feba-e8b6-4d8c-acde-784cbf51b215"
        }
      ],
      "parent": {
        "step": "inspect the next retained judgment under the bound evidence rules",
        "focal": "a609fc01-4e92-4cf3-9c07-202887ff66c1",
        "remit": "synthetic inspection only; no action, designation or amendment",
        "question": "May this exact retained inquiry judgment be relied upon for the next bounded inspection step under the bound governance basis, or must reliance be requalified/reoriented/held?",
        "governing_basis": {
          "claim": "36b0dba2-66cb-466c-a808-fe861874f177",
          "version": "72d2b633-afb5-4300-9544-9f06b58a7c85",
          "component": "a609fc01-4e92-4cf3-9c07-202887ff66c1"
        }
      },
      "changes": [],
      "history": [
        {
          "id": "731f257e-3ef8-44d7-97f7-f2b5eee9f411",
          "kind": "open",
          "predecessor": null
        }
      ],
      "locator": "efd9b26f-9da6-4895-bbe8-36d2cb4e99bb",
      "present": {
        "reason": "child result unresolved or not returned",
        "disposition": "HOLD",
        "question_forward": {
          "route": "supply source under fixture custody; successor inquiry for changed basis; independently reenter",
          "restart": "exact source restored or new bound inquiry/version established",
          "question": "Which exact retained evidence, method, or independent applicability observation discharges this blocker?",
          "discriminator": "named witness discriminates correspondence/violation; exact declared writer history is complete"
        }
      },
      "boundary": "731f257e-3ef8-44d7-97f7-f2b5eee9f411",
      "judgment": null,
      "dependency": {
        "why": "child witness examination",
        "slot": "governance",
        "binding": {
          "slot": "governance",
          "remit": "synthetic inspection only; no action, designation or amendment",
          "scope": "d60c5260-37ae-4292-946b-152d7af63186",
          "method": "65b3bb91-35eb-4c90-bcbc-8c720f447382",
          "parent": "efd9b26f-9da6-4895-bbe8-36d2cb4e99bb",
          "version": "72d2b633-afb5-4300-9544-9f06b58a7c85",
          "criteria": "b270f9a4-9f53-46c5-85be-00fbd1c7ae86",
          "component": "a609fc01-4e92-4cf3-9c07-202887ff66c1",
          "witnesses": "d4e1cd92-6b15-4983-b962-38a636dedde5",
          "child_question": "Does the bound evidence comparator discriminate the declared missing-evidence and missing-method violations from correspondence?",
          "parent_question": "May this exact retained inquiry judgment be relied upon for the next bounded inspection step under the bound governance basis, or must reliance be requalified/reoriented/held?",
          "dependency_claim": "36b0dba2-66cb-466c-a808-fe861874f177"
        }
      },
      "observations": {
        "claims": {
          "36b0dba2-66cb-466c-a808-fe861874f177": {
            "history": [],
            "standing": "unassessed"
          },
          "37a3037c-5dde-4f71-8e84-c263a2289f71": {
            "history": [],
            "standing": "unassessed"
          },
          "3b10ebc4-bbb5-47a4-a741-5a67f76e49f9": {
            "history": [],
            "standing": "unassessed"
          },
          "757d8dc5-a9a5-4b79-bc7a-27942456ac2d": {
            "history": [],
            "standing": "unassessed"
          },
          "9066781d-4ae2-4295-875c-7c6071b51cd8": {
            "history": [],
            "standing": "unassessed"
          },
          "f9fd7cff-12cd-4dae-9b04-2676a25669f0": {
            "history": [],
            "standing": "unassessed"
          }
        },
        "method": {
          "history": null,
          "version": "65b3bb91-35eb-4c90-bcbc-8c720f447382",
          "complete": true
        },
        "criteria": {
          "history": null,
          "version": "b270f9a4-9f53-46c5-85be-00fbd1c7ae86",
          "complete": true
        },
        "witnesses": {
          "history": null,
          "version": "d4e1cd92-6b15-4983-b962-38a636dedde5",
          "complete": true
        },
        "governance": {
          "history": null,
          "version": "72d2b633-afb5-4300-9544-9f06b58a7c85",
          "complete": true
        },
        "applicability": {
          "history": null,
          "version": "2f20f363-7be1-45c1-b890-67d2ad6c3de0",
          "complete": true
        }
      },
      "non_promotion": "Regenerated read projection. Historical disposition is not present permission; new reentry needs this boundary and observations.",
      "source_contract": "efd9b26f-9da6-4895-bbe8-36d2cb4e99bb",
      "last_disposition": null
    },
    "phases": [
      "ready",
      "applied-uncommitted"
    ],
    "after": {
      "child": {
        "open": "731f257e-3ef8-44d7-97f7-f2b5eee9f411",
        "state": "open; unresolved",
        "attempt": "731f257e-3ef8-44d7-97f7-f2b5eee9f411",
        "question": "Does the bound evidence comparator discriminate the declared missing-evidence and missing-method violations from correspondence?"
      },
      "links": [
        {
          "slot": "method",
          "claim": "37a3037c-5dde-4f71-8e84-c263a2289f71",
          "version": "65b3bb91-35eb-4c90-bcbc-8c720f447382",
          "component": "804f17ee-28be-4464-8f34-d679b7cfdac7"
        },
        {
          "slot": "criteria",
          "claim": "f9fd7cff-12cd-4dae-9b04-2676a25669f0",
          "version": "b270f9a4-9f53-46c5-85be-00fbd1c7ae86",
          "component": "642de1e0-086c-47be-baae-9961ffe07e48"
        },
        {
          "slot": "witnesses",
          "claim": "757d8dc5-a9a5-4b79-bc7a-27942456ac2d",
          "version": "d4e1cd92-6b15-4983-b962-38a636dedde5",
          "component": "55cf0f06-d014-4f5e-a013-04691a9e82c3"
        },
        {
          "slot": "governance",
          "claim": "36b0dba2-66cb-466c-a808-fe861874f177",
          "version": "72d2b633-afb5-4300-9544-9f06b58a7c85",
          "component": "a609fc01-4e92-4cf3-9c07-202887ff66c1"
        },
        {
          "slot": "applicability",
          "claim": "9066781d-4ae2-4295-875c-7c6071b51cd8",
          "version": "2f20f363-7be1-45c1-b890-67d2ad6c3de0",
          "component": "e6e5feba-e8b6-4d8c-acde-784cbf51b215"
        }
      ],
      "parent": {
        "step": "inspect the next retained judgment under the bound evidence rules",
        "focal": "a609fc01-4e92-4cf3-9c07-202887ff66c1",
        "remit": "synthetic inspection only; no action, designation or amendment",
        "question": "May this exact retained inquiry judgment be relied upon for the next bounded inspection step under the bound governance basis, or must reliance be requalified/reoriented/held?",
        "governing_basis": {
          "claim": "36b0dba2-66cb-466c-a808-fe861874f177",
          "version": "72d2b633-afb5-4300-9544-9f06b58a7c85",
          "component": "a609fc01-4e92-4cf3-9c07-202887ff66c1"
        }
      },
      "changes": [],
      "history": [
        {
          "id": "731f257e-3ef8-44d7-97f7-f2b5eee9f411",
          "kind": "open",
          "predecessor": null
        }
      ],
      "locator": "efd9b26f-9da6-4895-bbe8-36d2cb4e99bb",
      "present": {
        "reason": "child result unresolved or not returned",
        "disposition": "HOLD",
        "question_forward": {
          "route": "supply source under fixture custody; successor inquiry for changed basis; independently reenter",
          "restart": "exact source restored or new bound inquiry/version established",
          "question": "Which exact retained evidence, method, or independent applicability observation discharges this blocker?",
          "discriminator": "named witness discriminates correspondence/violation; exact declared writer history is complete"
        }
      },
      "boundary": "731f257e-3ef8-44d7-97f7-f2b5eee9f411",
      "judgment": null,
      "dependency": {
        "why": "child witness examination",
        "slot": "governance",
        "binding": {
          "slot": "governance",
          "remit": "synthetic inspection only; no action, designation or amendment",
          "scope": "d60c5260-37ae-4292-946b-152d7af63186",
          "method": "65b3bb91-35eb-4c90-bcbc-8c720f447382",
          "parent": "efd9b26f-9da6-4895-bbe8-36d2cb4e99bb",
          "version": "72d2b633-afb5-4300-9544-9f06b58a7c85",
          "criteria": "b270f9a4-9f53-46c5-85be-00fbd1c7ae86",
          "component": "a609fc01-4e92-4cf3-9c07-202887ff66c1",
          "witnesses": "d4e1cd92-6b15-4983-b962-38a636dedde5",
          "child_question": "Does the bound evidence comparator discriminate the declared missing-evidence and missing-method violations from correspondence?",
          "parent_question": "May this exact retained inquiry judgment be relied upon for the next bounded inspection step under the bound governance basis, or must reliance be requalified/reoriented/held?",
          "dependency_claim": "36b0dba2-66cb-466c-a808-fe861874f177"
        }
      },
      "observations": {
        "claims": {
          "36b0dba2-66cb-466c-a808-fe861874f177": {
            "history": [],
            "standing": "unassessed"
          },
          "37a3037c-5dde-4f71-8e84-c263a2289f71": {
            "history": [],
            "standing": "unassessed"
          },
          "3b10ebc4-bbb5-47a4-a741-5a67f76e49f9": {
            "history": [],
            "standing": "unassessed"
          },
          "757d8dc5-a9a5-4b79-bc7a-27942456ac2d": {
            "history": [],
            "standing": "unassessed"
          },
          "9066781d-4ae2-4295-875c-7c6071b51cd8": {
            "history": [],
            "standing": "unassessed"
          },
          "f9fd7cff-12cd-4dae-9b04-2676a25669f0": {
            "history": [],
            "standing": "unassessed"
          }
        },
        "method": {
          "history": null,
          "version": "65b3bb91-35eb-4c90-bcbc-8c720f447382",
          "complete": true
        },
        "criteria": {
          "history": null,
          "version": "b270f9a4-9f53-46c5-85be-00fbd1c7ae86",
          "complete": true
        },
        "witnesses": {
          "history": null,
          "version": "d4e1cd92-6b15-4983-b962-38a636dedde5",
          "complete": true
        },
        "governance": {
          "history": null,
          "version": "72d2b633-afb5-4300-9544-9f06b58a7c85",
          "complete": true
        },
        "applicability": {
          "history": null,
          "version": "2f20f363-7be1-45c1-b890-67d2ad6c3de0",
          "complete": true
        }
      },
      "non_promotion": "Regenerated read projection. Historical disposition is not present permission; new reentry needs this boundary and observations.",
      "source_contract": "efd9b26f-9da6-4895-bbe8-36d2cb4e99bb",
      "last_disposition": null
    },
    "recovered": {
      "event": "4a3272f1-99c3-4860-a9f8-f75fc2e3e0a3",
      "replay": false,
      "outcome": "PASS",
      "judgment": "a575b0c0-d0a3-4a9c-a0dd-2914633979e4"
    },
    "cold": {
      "locator": "efd9b26f-9da6-4895-bbe8-36d2cb4e99bb",
      "source_contract": "efd9b26f-9da6-4895-bbe8-36d2cb4e99bb",
      "boundary": "4a3272f1-99c3-4860-a9f8-f75fc2e3e0a3",
      "parent": {
        "step": "inspect the next retained judgment under the bound evidence rules",
        "focal": "a609fc01-4e92-4cf3-9c07-202887ff66c1",
        "remit": "synthetic inspection only; no action, designation or amendment",
        "question": "May this exact retained inquiry judgment be relied upon for the next bounded inspection step under the bound governance basis, or must reliance be requalified/reoriented/held?",
        "governing_basis": {
          "claim": "36b0dba2-66cb-466c-a808-fe861874f177",
          "version": "72d2b633-afb5-4300-9544-9f06b58a7c85",
          "component": "a609fc01-4e92-4cf3-9c07-202887ff66c1"
        }
      },
      "dependency": {
        "why": "child witness examination",
        "slot": "governance",
        "binding": {
          "slot": "governance",
          "remit": "synthetic inspection only; no action, designation or amendment",
          "scope": "d60c5260-37ae-4292-946b-152d7af63186",
          "method": "65b3bb91-35eb-4c90-bcbc-8c720f447382",
          "parent": "efd9b26f-9da6-4895-bbe8-36d2cb4e99bb",
          "version": "72d2b633-afb5-4300-9544-9f06b58a7c85",
          "criteria": "b270f9a4-9f53-46c5-85be-00fbd1c7ae86",
          "component": "a609fc01-4e92-4cf3-9c07-202887ff66c1",
          "witnesses": "d4e1cd92-6b15-4983-b962-38a636dedde5",
          "child_question": "Does the bound evidence comparator discriminate the declared missing-evidence and missing-method violations from correspondence?",
          "parent_question": "May this exact retained inquiry judgment be relied upon for the next bounded inspection step under the bound governance basis, or must reliance be requalified/reoriented/held?",
          "dependency_claim": "36b0dba2-66cb-466c-a808-fe861874f177"
        }
      },
      "child": {
        "open": "731f257e-3ef8-44d7-97f7-f2b5eee9f411",
        "state": "judged, not returned",
        "attempt": "731f257e-3ef8-44d7-97f7-f2b5eee9f411",
        "question": "Does the bound evidence comparator discriminate the declared missing-evidence and missing-method violations from correspondence?"
      },
      "judgment": null,
      "observations": {
        "claims": {
          "36b0dba2-66cb-466c-a808-fe861874f177": {
            "history": [],
            "standing": "unassessed"
          },
          "37a3037c-5dde-4f71-8e84-c263a2289f71": {
            "history": [],
            "standing": "unassessed"
          },
          "3b10ebc4-bbb5-47a4-a741-5a67f76e49f9": {
            "history": [],
            "standing": "unassessed"
          },
          "757d8dc5-a9a5-4b79-bc7a-27942456ac2d": {
            "history": [],
            "standing": "unassessed"
          },
          "9066781d-4ae2-4295-875c-7c6071b51cd8": {
            "history": [],
            "standing": "unassessed"
          },
          "f9fd7cff-12cd-4dae-9b04-2676a25669f0": {
            "history": [],
            "standing": "unassessed"
          }
        },
        "method": {
          "history": null,
          "version": "65b3bb91-35eb-4c90-bcbc-8c720f447382",
          "complete": true
        },
        "criteria": {
          "history": null,
          "version": "b270f9a4-9f53-46c5-85be-00fbd1c7ae86",
          "complete": true
        },
        "witnesses": {
          "history": null,
          "version": "d4e1cd92-6b15-4983-b962-38a636dedde5",
          "complete": true
        },
        "governance": {
          "history": null,
          "version": "72d2b633-afb5-4300-9544-9f06b58a7c85",
          "complete": true
        },
        "applicability": {
          "history": null,
          "version": "2f20f363-7be1-45c1-b890-67d2ad6c3de0",
          "complete": true
        }
      },
      "changes": [],
      "last_disposition": null,
      "present": {
        "reason": "child result unresolved or not returned",
        "disposition": "HOLD",
        "question_forward": {
          "route": "supply source under fixture custody; successor inquiry for changed basis; independently reenter",
          "restart": "exact source restored or new bound inquiry/version established",
          "question": "Which exact retained evidence, method, or independent applicability observation discharges this blocker?",
          "discriminator": "named witness discriminates correspondence/violation; exact declared writer history is complete"
        }
      },
      "history": {
        "head": "4a3272f1-99c3-4860-a9f8-f75fc2e3e0a3",
        "retained_transitions": 2,
        "access": "Read head source and follow exact predecessor links."
      },
      "non_promotion": "Regenerated read projection. Historical disposition is not present permission; new reentry needs this boundary and observations."
    }
  },
  {
    "id": "P12",
    "control": "publish after-commit",
    "before": {
      "child": {
        "open": "56ff7c8a-05b6-41be-92ce-67b5a8c0dfc3",
        "state": "open; unresolved",
        "attempt": "56ff7c8a-05b6-41be-92ce-67b5a8c0dfc3",
        "question": "Does the bound evidence comparator discriminate the declared missing-evidence and missing-method violations from correspondence?"
      },
      "links": [
        {
          "slot": "method",
          "claim": "39e785bf-212e-441e-8b4e-d537d65b85ed",
          "version": "0ff1decd-cecb-4852-ba25-14eb7fff26c2",
          "component": "54b09184-4883-47ef-93e3-fe03a76ad256"
        },
        {
          "slot": "criteria",
          "claim": "97529d57-d220-409c-a556-2bf687a98ff8",
          "version": "a8b43400-84b7-433e-9c70-8d39640ec662",
          "component": "f7951bd1-f428-49e5-93e9-a3e2835cec5f"
        },
        {
          "slot": "witnesses",
          "claim": "af3c181e-0789-41b4-a9bc-7d65fa29fa13",
          "version": "33cf9f9c-fff7-4329-9b25-93929d758921",
          "component": "484e34de-ce7f-4274-88e2-5c6b8c0007ff"
        },
        {
          "slot": "governance",
          "claim": "8c762f43-39e6-4b0d-82f2-543e6d3168ab",
          "version": "cb671800-d980-4f65-b749-45040f7f0003",
          "component": "766449a2-af22-4c50-93b1-4f99d554cae1"
        },
        {
          "slot": "applicability",
          "claim": "46f37f09-fed9-45e1-a4f4-21bac0acfe35",
          "version": "18295f3e-1e1d-4bb2-9a78-bd1f825141f2",
          "component": "b0fa0910-a81c-4ebd-8766-557e8cd7b09a"
        }
      ],
      "parent": {
        "step": "inspect the next retained judgment under the bound evidence rules",
        "focal": "766449a2-af22-4c50-93b1-4f99d554cae1",
        "remit": "synthetic inspection only; no action, designation or amendment",
        "question": "May this exact retained inquiry judgment be relied upon for the next bounded inspection step under the bound governance basis, or must reliance be requalified/reoriented/held?",
        "governing_basis": {
          "claim": "8c762f43-39e6-4b0d-82f2-543e6d3168ab",
          "version": "cb671800-d980-4f65-b749-45040f7f0003",
          "component": "766449a2-af22-4c50-93b1-4f99d554cae1"
        }
      },
      "changes": [],
      "history": [
        {
          "id": "56ff7c8a-05b6-41be-92ce-67b5a8c0dfc3",
          "kind": "open",
          "predecessor": null
        }
      ],
      "locator": "58e0d21d-80bb-4030-9ec0-69e34f436aaa",
      "present": {
        "reason": "child result unresolved or not returned",
        "disposition": "HOLD",
        "question_forward": {
          "route": "supply source under fixture custody; successor inquiry for changed basis; independently reenter",
          "restart": "exact source restored or new bound inquiry/version established",
          "question": "Which exact retained evidence, method, or independent applicability observation discharges this blocker?",
          "discriminator": "named witness discriminates correspondence/violation; exact declared writer history is complete"
        }
      },
      "boundary": "56ff7c8a-05b6-41be-92ce-67b5a8c0dfc3",
      "judgment": null,
      "dependency": {
        "why": "child witness examination",
        "slot": "governance",
        "binding": {
          "slot": "governance",
          "remit": "synthetic inspection only; no action, designation or amendment",
          "scope": "f8e16e18-905a-4218-90cb-81c3e048bb3f",
          "method": "0ff1decd-cecb-4852-ba25-14eb7fff26c2",
          "parent": "58e0d21d-80bb-4030-9ec0-69e34f436aaa",
          "version": "cb671800-d980-4f65-b749-45040f7f0003",
          "criteria": "a8b43400-84b7-433e-9c70-8d39640ec662",
          "component": "766449a2-af22-4c50-93b1-4f99d554cae1",
          "witnesses": "33cf9f9c-fff7-4329-9b25-93929d758921",
          "child_question": "Does the bound evidence comparator discriminate the declared missing-evidence and missing-method violations from correspondence?",
          "parent_question": "May this exact retained inquiry judgment be relied upon for the next bounded inspection step under the bound governance basis, or must reliance be requalified/reoriented/held?",
          "dependency_claim": "8c762f43-39e6-4b0d-82f2-543e6d3168ab"
        }
      },
      "observations": {
        "claims": {
          "39e785bf-212e-441e-8b4e-d537d65b85ed": {
            "history": [],
            "standing": "unassessed"
          },
          "46f37f09-fed9-45e1-a4f4-21bac0acfe35": {
            "history": [],
            "standing": "unassessed"
          },
          "8c762f43-39e6-4b0d-82f2-543e6d3168ab": {
            "history": [],
            "standing": "unassessed"
          },
          "91fa2876-44d3-4604-9cef-d3a7809b2cbb": {
            "history": [],
            "standing": "unassessed"
          },
          "97529d57-d220-409c-a556-2bf687a98ff8": {
            "history": [],
            "standing": "unassessed"
          },
          "af3c181e-0789-41b4-a9bc-7d65fa29fa13": {
            "history": [],
            "standing": "unassessed"
          }
        },
        "method": {
          "history": null,
          "version": "0ff1decd-cecb-4852-ba25-14eb7fff26c2",
          "complete": true
        },
        "criteria": {
          "history": null,
          "version": "a8b43400-84b7-433e-9c70-8d39640ec662",
          "complete": true
        },
        "witnesses": {
          "history": null,
          "version": "33cf9f9c-fff7-4329-9b25-93929d758921",
          "complete": true
        },
        "governance": {
          "history": null,
          "version": "cb671800-d980-4f65-b749-45040f7f0003",
          "complete": true
        },
        "applicability": {
          "history": null,
          "version": "18295f3e-1e1d-4bb2-9a78-bd1f825141f2",
          "complete": true
        }
      },
      "non_promotion": "Regenerated read projection. Historical disposition is not present permission; new reentry needs this boundary and observations.",
      "source_contract": "58e0d21d-80bb-4030-9ec0-69e34f436aaa",
      "last_disposition": null
    },
    "phases": [
      "ready",
      "committed-no-caller-ack"
    ],
    "after": {
      "child": {
        "open": "56ff7c8a-05b6-41be-92ce-67b5a8c0dfc3",
        "state": "judged, not returned",
        "attempt": "56ff7c8a-05b6-41be-92ce-67b5a8c0dfc3",
        "question": "Does the bound evidence comparator discriminate the declared missing-evidence and missing-method violations from correspondence?"
      },
      "links": [
        {
          "slot": "method",
          "claim": "39e785bf-212e-441e-8b4e-d537d65b85ed",
          "version": "0ff1decd-cecb-4852-ba25-14eb7fff26c2",
          "component": "54b09184-4883-47ef-93e3-fe03a76ad256"
        },
        {
          "slot": "criteria",
          "claim": "97529d57-d220-409c-a556-2bf687a98ff8",
          "version": "a8b43400-84b7-433e-9c70-8d39640ec662",
          "component": "f7951bd1-f428-49e5-93e9-a3e2835cec5f"
        },
        {
          "slot": "witnesses",
          "claim": "af3c181e-0789-41b4-a9bc-7d65fa29fa13",
          "version": "33cf9f9c-fff7-4329-9b25-93929d758921",
          "component": "484e34de-ce7f-4274-88e2-5c6b8c0007ff"
        },
        {
          "slot": "governance",
          "claim": "8c762f43-39e6-4b0d-82f2-543e6d3168ab",
          "version": "cb671800-d980-4f65-b749-45040f7f0003",
          "component": "766449a2-af22-4c50-93b1-4f99d554cae1"
        },
        {
          "slot": "applicability",
          "claim": "46f37f09-fed9-45e1-a4f4-21bac0acfe35",
          "version": "18295f3e-1e1d-4bb2-9a78-bd1f825141f2",
          "component": "b0fa0910-a81c-4ebd-8766-557e8cd7b09a"
        }
      ],
      "parent": {
        "step": "inspect the next retained judgment under the bound evidence rules",
        "focal": "766449a2-af22-4c50-93b1-4f99d554cae1",
        "remit": "synthetic inspection only; no action, designation or amendment",
        "question": "May this exact retained inquiry judgment be relied upon for the next bounded inspection step under the bound governance basis, or must reliance be requalified/reoriented/held?",
        "governing_basis": {
          "claim": "8c762f43-39e6-4b0d-82f2-543e6d3168ab",
          "version": "cb671800-d980-4f65-b749-45040f7f0003",
          "component": "766449a2-af22-4c50-93b1-4f99d554cae1"
        }
      },
      "changes": [],
      "history": [
        {
          "id": "56ff7c8a-05b6-41be-92ce-67b5a8c0dfc3",
          "kind": "open",
          "predecessor": null
        },
        {
          "id": "b7a9f699-0c11-4fb2-af2f-a90f001a6f57",
          "kind": "judgment",
          "predecessor": "56ff7c8a-05b6-41be-92ce-67b5a8c0dfc3"
        }
      ],
      "locator": "58e0d21d-80bb-4030-9ec0-69e34f436aaa",
      "present": {
        "reason": "child result unresolved or not returned",
        "disposition": "HOLD",
        "question_forward": {
          "route": "supply source under fixture custody; successor inquiry for changed basis; independently reenter",
          "restart": "exact source restored or new bound inquiry/version established",
          "question": "Which exact retained evidence, method, or independent applicability observation discharges this blocker?",
          "discriminator": "named witness discriminates correspondence/violation; exact declared writer history is complete"
        }
      },
      "boundary": "b7a9f699-0c11-4fb2-af2f-a90f001a6f57",
      "judgment": null,
      "dependency": {
        "why": "child witness examination",
        "slot": "governance",
        "binding": {
          "slot": "governance",
          "remit": "synthetic inspection only; no action, designation or amendment",
          "scope": "f8e16e18-905a-4218-90cb-81c3e048bb3f",
          "method": "0ff1decd-cecb-4852-ba25-14eb7fff26c2",
          "parent": "58e0d21d-80bb-4030-9ec0-69e34f436aaa",
          "version": "cb671800-d980-4f65-b749-45040f7f0003",
          "criteria": "a8b43400-84b7-433e-9c70-8d39640ec662",
          "component": "766449a2-af22-4c50-93b1-4f99d554cae1",
          "witnesses": "33cf9f9c-fff7-4329-9b25-93929d758921",
          "child_question": "Does the bound evidence comparator discriminate the declared missing-evidence and missing-method violations from correspondence?",
          "parent_question": "May this exact retained inquiry judgment be relied upon for the next bounded inspection step under the bound governance basis, or must reliance be requalified/reoriented/held?",
          "dependency_claim": "8c762f43-39e6-4b0d-82f2-543e6d3168ab"
        }
      },
      "observations": {
        "claims": {
          "39e785bf-212e-441e-8b4e-d537d65b85ed": {
            "history": [],
            "standing": "unassessed"
          },
          "46f37f09-fed9-45e1-a4f4-21bac0acfe35": {
            "history": [],
            "standing": "unassessed"
          },
          "8c762f43-39e6-4b0d-82f2-543e6d3168ab": {
            "history": [],
            "standing": "unassessed"
          },
          "91fa2876-44d3-4604-9cef-d3a7809b2cbb": {
            "history": [],
            "standing": "unassessed"
          },
          "97529d57-d220-409c-a556-2bf687a98ff8": {
            "history": [],
            "standing": "unassessed"
          },
          "af3c181e-0789-41b4-a9bc-7d65fa29fa13": {
            "history": [],
            "standing": "unassessed"
          }
        },
        "method": {
          "history": null,
          "version": "0ff1decd-cecb-4852-ba25-14eb7fff26c2",
          "complete": true
        },
        "criteria": {
          "history": null,
          "version": "a8b43400-84b7-433e-9c70-8d39640ec662",
          "complete": true
        },
        "witnesses": {
          "history": null,
          "version": "33cf9f9c-fff7-4329-9b25-93929d758921",
          "complete": true
        },
        "governance": {
          "history": null,
          "version": "cb671800-d980-4f65-b749-45040f7f0003",
          "complete": true
        },
        "applicability": {
          "history": null,
          "version": "18295f3e-1e1d-4bb2-9a78-bd1f825141f2",
          "complete": true
        }
      },
      "non_promotion": "Regenerated read projection. Historical disposition is not present permission; new reentry needs this boundary and observations.",
      "source_contract": "58e0d21d-80bb-4030-9ec0-69e34f436aaa",
      "last_disposition": null
    },
    "recovered": {
      "event": "b7a9f699-0c11-4fb2-af2f-a90f001a6f57",
      "replay": true
    },
    "cold": {
      "locator": "58e0d21d-80bb-4030-9ec0-69e34f436aaa",
      "source_contract": "58e0d21d-80bb-4030-9ec0-69e34f436aaa",
      "boundary": "b7a9f699-0c11-4fb2-af2f-a90f001a6f57",
      "parent": {
        "step": "inspect the next retained judgment under the bound evidence rules",
        "focal": "766449a2-af22-4c50-93b1-4f99d554cae1",
        "remit": "synthetic inspection only; no action, designation or amendment",
        "question": "May this exact retained inquiry judgment be relied upon for the next bounded inspection step under the bound governance basis, or must reliance be requalified/reoriented/held?",
        "governing_basis": {
          "claim": "8c762f43-39e6-4b0d-82f2-543e6d3168ab",
          "version": "cb671800-d980-4f65-b749-45040f7f0003",
          "component": "766449a2-af22-4c50-93b1-4f99d554cae1"
        }
      },
      "dependency": {
        "why": "child witness examination",
        "slot": "governance",
        "binding": {
          "slot": "governance",
          "remit": "synthetic inspection only; no action, designation or amendment",
          "scope": "f8e16e18-905a-4218-90cb-81c3e048bb3f",
          "method": "0ff1decd-cecb-4852-ba25-14eb7fff26c2",
          "parent": "58e0d21d-80bb-4030-9ec0-69e34f436aaa",
          "version": "cb671800-d980-4f65-b749-45040f7f0003",
          "criteria": "a8b43400-84b7-433e-9c70-8d39640ec662",
          "component": "766449a2-af22-4c50-93b1-4f99d554cae1",
          "witnesses": "33cf9f9c-fff7-4329-9b25-93929d758921",
          "child_question": "Does the bound evidence comparator discriminate the declared missing-evidence and missing-method violations from correspondence?",
          "parent_question": "May this exact retained inquiry judgment be relied upon for the next bounded inspection step under the bound governance basis, or must reliance be requalified/reoriented/held?",
          "dependency_claim": "8c762f43-39e6-4b0d-82f2-543e6d3168ab"
        }
      },
      "child": {
        "open": "56ff7c8a-05b6-41be-92ce-67b5a8c0dfc3",
        "state": "judged, not returned",
        "attempt": "56ff7c8a-05b6-41be-92ce-67b5a8c0dfc3",
        "question": "Does the bound evidence comparator discriminate the declared missing-evidence and missing-method violations from correspondence?"
      },
      "judgment": null,
      "observations": {
        "claims": {
          "39e785bf-212e-441e-8b4e-d537d65b85ed": {
            "history": [],
            "standing": "unassessed"
          },
          "46f37f09-fed9-45e1-a4f4-21bac0acfe35": {
            "history": [],
            "standing": "unassessed"
          },
          "8c762f43-39e6-4b0d-82f2-543e6d3168ab": {
            "history": [],
            "standing": "unassessed"
          },
          "91fa2876-44d3-4604-9cef-d3a7809b2cbb": {
            "history": [],
            "standing": "unassessed"
          },
          "97529d57-d220-409c-a556-2bf687a98ff8": {
            "history": [],
            "standing": "unassessed"
          },
          "af3c181e-0789-41b4-a9bc-7d65fa29fa13": {
            "history": [],
            "standing": "unassessed"
          }
        },
        "method": {
          "history": null,
          "version": "0ff1decd-cecb-4852-ba25-14eb7fff26c2",
          "complete": true
        },
        "criteria": {
          "history": null,
          "version": "a8b43400-84b7-433e-9c70-8d39640ec662",
          "complete": true
        },
        "witnesses": {
          "history": null,
          "version": "33cf9f9c-fff7-4329-9b25-93929d758921",
          "complete": true
        },
        "governance": {
          "history": null,
          "version": "cb671800-d980-4f65-b749-45040f7f0003",
          "complete": true
        },
        "applicability": {
          "history": null,
          "version": "18295f3e-1e1d-4bb2-9a78-bd1f825141f2",
          "complete": true
        }
      },
      "changes": [],
      "last_disposition": null,
      "present": {
        "reason": "child result unresolved or not returned",
        "disposition": "HOLD",
        "question_forward": {
          "route": "supply source under fixture custody; successor inquiry for changed basis; independently reenter",
          "restart": "exact source restored or new bound inquiry/version established",
          "question": "Which exact retained evidence, method, or independent applicability observation discharges this blocker?",
          "discriminator": "named witness discriminates correspondence/violation; exact declared writer history is complete"
        }
      },
      "history": {
        "head": "b7a9f699-0c11-4fb2-af2f-a90f001a6f57",
        "retained_transitions": 2,
        "access": "Read head source and follow exact predecessor links."
      },
      "non_promotion": "Regenerated read projection. Historical disposition is not present permission; new reentry needs this boundary and observations."
    }
  },
  {
    "id": "P12",
    "control": "return before-commit",
    "before": {
      "child": {
        "open": "a37d6ca7-92bd-4fd9-b008-ec79de019564",
        "state": "judged, not returned",
        "attempt": "a37d6ca7-92bd-4fd9-b008-ec79de019564",
        "question": "Does the bound evidence comparator discriminate the declared missing-evidence and missing-method violations from correspondence?"
      },
      "links": [
        {
          "slot": "method",
          "claim": "c4ff781f-1253-4a50-8064-657806d06429",
          "version": "4ed9f3c4-9703-433d-b850-96a482c6f3f2",
          "component": "6924a0e2-e454-4a72-bdc4-1e0e71b47e4a"
        },
        {
          "slot": "criteria",
          "claim": "39c08f57-e2aa-420c-8c82-dcf31c54d1d0",
          "version": "de277654-ff98-4265-8098-9837b6f1618e",
          "component": "0148c787-202b-47be-8f63-d61282a36793"
        },
        {
          "slot": "witnesses",
          "claim": "ee426731-6c28-4587-884a-4f1ae0dc3b7e",
          "version": "148354dd-d57a-418e-bd1b-1d3c202299df",
          "component": "ac9666ec-8713-4c8d-a1a8-99af9bfc109a"
        },
        {
          "slot": "governance",
          "claim": "126a61f8-4480-414a-b8fa-69b3abc9f3ff",
          "version": "1b34bace-da7b-4bbb-8b06-566365f98802",
          "component": "35253741-e54b-48cd-be0a-4e9c0d6b2052"
        },
        {
          "slot": "applicability",
          "claim": "6a8eff75-fb2e-4395-9794-c6bc33e02639",
          "version": "4f2c8463-c5c8-47e3-bf5a-0c1342881127",
          "component": "0bf58d90-ee7b-4d0f-875b-cba8355a22e5"
        }
      ],
      "parent": {
        "step": "inspect the next retained judgment under the bound evidence rules",
        "focal": "35253741-e54b-48cd-be0a-4e9c0d6b2052",
        "remit": "synthetic inspection only; no action, designation or amendment",
        "question": "May this exact retained inquiry judgment be relied upon for the next bounded inspection step under the bound governance basis, or must reliance be requalified/reoriented/held?",
        "governing_basis": {
          "claim": "126a61f8-4480-414a-b8fa-69b3abc9f3ff",
          "version": "1b34bace-da7b-4bbb-8b06-566365f98802",
          "component": "35253741-e54b-48cd-be0a-4e9c0d6b2052"
        }
      },
      "changes": [],
      "history": [
        {
          "id": "a37d6ca7-92bd-4fd9-b008-ec79de019564",
          "kind": "open",
          "predecessor": null
        },
        {
          "id": "966ccf81-c280-4779-936c-2c4168e82a69",
          "kind": "judgment",
          "predecessor": "a37d6ca7-92bd-4fd9-b008-ec79de019564"
        }
      ],
      "locator": "52bc4d60-b4fa-43a5-9475-e2a5340fd573",
      "present": {
        "reason": "child result unresolved or not returned",
        "disposition": "HOLD",
        "question_forward": {
          "route": "supply source under fixture custody; successor inquiry for changed basis; independently reenter",
          "restart": "exact source restored or new bound inquiry/version established",
          "question": "Which exact retained evidence, method, or independent applicability observation discharges this blocker?",
          "discriminator": "named witness discriminates correspondence/violation; exact declared writer history is complete"
        }
      },
      "boundary": "966ccf81-c280-4779-936c-2c4168e82a69",
      "judgment": null,
      "dependency": {
        "why": "child witness examination",
        "slot": "governance",
        "binding": {
          "slot": "governance",
          "remit": "synthetic inspection only; no action, designation or amendment",
          "scope": "40ff098d-0b55-4fb7-9e2c-6c6da05bb28a",
          "method": "4ed9f3c4-9703-433d-b850-96a482c6f3f2",
          "parent": "52bc4d60-b4fa-43a5-9475-e2a5340fd573",
          "version": "1b34bace-da7b-4bbb-8b06-566365f98802",
          "criteria": "de277654-ff98-4265-8098-9837b6f1618e",
          "component": "35253741-e54b-48cd-be0a-4e9c0d6b2052",
          "witnesses": "148354dd-d57a-418e-bd1b-1d3c202299df",
          "child_question": "Does the bound evidence comparator discriminate the declared missing-evidence and missing-method violations from correspondence?",
          "parent_question": "May this exact retained inquiry judgment be relied upon for the next bounded inspection step under the bound governance basis, or must reliance be requalified/reoriented/held?",
          "dependency_claim": "126a61f8-4480-414a-b8fa-69b3abc9f3ff"
        }
      },
      "observations": {
        "claims": {
          "126a61f8-4480-414a-b8fa-69b3abc9f3ff": {
            "history": [],
            "standing": "unassessed"
          },
          "39c08f57-e2aa-420c-8c82-dcf31c54d1d0": {
            "history": [],
            "standing": "unassessed"
          },
          "6a8eff75-fb2e-4395-9794-c6bc33e02639": {
            "history": [],
            "standing": "unassessed"
          },
          "987e123b-eff9-4f59-b414-63c6a8c91b71": {
            "history": [],
            "standing": "unassessed"
          },
          "c4ff781f-1253-4a50-8064-657806d06429": {
            "history": [],
            "standing": "unassessed"
          },
          "ee426731-6c28-4587-884a-4f1ae0dc3b7e": {
            "history": [],
            "standing": "unassessed"
          }
        },
        "method": {
          "history": null,
          "version": "4ed9f3c4-9703-433d-b850-96a482c6f3f2",
          "complete": true
        },
        "criteria": {
          "history": null,
          "version": "de277654-ff98-4265-8098-9837b6f1618e",
          "complete": true
        },
        "witnesses": {
          "history": null,
          "version": "148354dd-d57a-418e-bd1b-1d3c202299df",
          "complete": true
        },
        "governance": {
          "history": null,
          "version": "1b34bace-da7b-4bbb-8b06-566365f98802",
          "complete": true
        },
        "applicability": {
          "history": null,
          "version": "4f2c8463-c5c8-47e3-bf5a-0c1342881127",
          "complete": true
        }
      },
      "non_promotion": "Regenerated read projection. Historical disposition is not present permission; new reentry needs this boundary and observations.",
      "source_contract": "52bc4d60-b4fa-43a5-9475-e2a5340fd573",
      "last_disposition": null
    },
    "phases": [
      "ready",
      "applied-uncommitted"
    ],
    "after": {
      "child": {
        "open": "a37d6ca7-92bd-4fd9-b008-ec79de019564",
        "state": "judged, not returned",
        "attempt": "a37d6ca7-92bd-4fd9-b008-ec79de019564",
        "question": "Does the bound evidence comparator discriminate the declared missing-evidence and missing-method violations from correspondence?"
      },
      "links": [
        {
          "slot": "method",
          "claim": "c4ff781f-1253-4a50-8064-657806d06429",
          "version": "4ed9f3c4-9703-433d-b850-96a482c6f3f2",
          "component": "6924a0e2-e454-4a72-bdc4-1e0e71b47e4a"
        },
        {
          "slot": "criteria",
          "claim": "39c08f57-e2aa-420c-8c82-dcf31c54d1d0",
          "version": "de277654-ff98-4265-8098-9837b6f1618e",
          "component": "0148c787-202b-47be-8f63-d61282a36793"
        },
        {
          "slot": "witnesses",
          "claim": "ee426731-6c28-4587-884a-4f1ae0dc3b7e",
          "version": "148354dd-d57a-418e-bd1b-1d3c202299df",
          "component": "ac9666ec-8713-4c8d-a1a8-99af9bfc109a"
        },
        {
          "slot": "governance",
          "claim": "126a61f8-4480-414a-b8fa-69b3abc9f3ff",
          "version": "1b34bace-da7b-4bbb-8b06-566365f98802",
          "component": "35253741-e54b-48cd-be0a-4e9c0d6b2052"
        },
        {
          "slot": "applicability",
          "claim": "6a8eff75-fb2e-4395-9794-c6bc33e02639",
          "version": "4f2c8463-c5c8-47e3-bf5a-0c1342881127",
          "component": "0bf58d90-ee7b-4d0f-875b-cba8355a22e5"
        }
      ],
      "parent": {
        "step": "inspect the next retained judgment under the bound evidence rules",
        "focal": "35253741-e54b-48cd-be0a-4e9c0d6b2052",
        "remit": "synthetic inspection only; no action, designation or amendment",
        "question": "May this exact retained inquiry judgment be relied upon for the next bounded inspection step under the bound governance basis, or must reliance be requalified/reoriented/held?",
        "governing_basis": {
          "claim": "126a61f8-4480-414a-b8fa-69b3abc9f3ff",
          "version": "1b34bace-da7b-4bbb-8b06-566365f98802",
          "component": "35253741-e54b-48cd-be0a-4e9c0d6b2052"
        }
      },
      "changes": [],
      "history": [
        {
          "id": "a37d6ca7-92bd-4fd9-b008-ec79de019564",
          "kind": "open",
          "predecessor": null
        },
        {
          "id": "966ccf81-c280-4779-936c-2c4168e82a69",
          "kind": "judgment",
          "predecessor": "a37d6ca7-92bd-4fd9-b008-ec79de019564"
        }
      ],
      "locator": "52bc4d60-b4fa-43a5-9475-e2a5340fd573",
      "present": {
        "reason": "child result unresolved or not returned",
        "disposition": "HOLD",
        "question_forward": {
          "route": "supply source under fixture custody; successor inquiry for changed basis; independently reenter",
          "restart": "exact source restored or new bound inquiry/version established",
          "question": "Which exact retained evidence, method, or independent applicability observation discharges this blocker?",
          "discriminator": "named witness discriminates correspondence/violation; exact declared writer history is complete"
        }
      },
      "boundary": "966ccf81-c280-4779-936c-2c4168e82a69",
      "judgment": null,
      "dependency": {
        "why": "child witness examination",
        "slot": "governance",
        "binding": {
          "slot": "governance",
          "remit": "synthetic inspection only; no action, designation or amendment",
          "scope": "40ff098d-0b55-4fb7-9e2c-6c6da05bb28a",
          "method": "4ed9f3c4-9703-433d-b850-96a482c6f3f2",
          "parent": "52bc4d60-b4fa-43a5-9475-e2a5340fd573",
          "version": "1b34bace-da7b-4bbb-8b06-566365f98802",
          "criteria": "de277654-ff98-4265-8098-9837b6f1618e",
          "component": "35253741-e54b-48cd-be0a-4e9c0d6b2052",
          "witnesses": "148354dd-d57a-418e-bd1b-1d3c202299df",
          "child_question": "Does the bound evidence comparator discriminate the declared missing-evidence and missing-method violations from correspondence?",
          "parent_question": "May this exact retained inquiry judgment be relied upon for the next bounded inspection step under the bound governance basis, or must reliance be requalified/reoriented/held?",
          "dependency_claim": "126a61f8-4480-414a-b8fa-69b3abc9f3ff"
        }
      },
      "observations": {
        "claims": {
          "126a61f8-4480-414a-b8fa-69b3abc9f3ff": {
            "history": [],
            "standing": "unassessed"
          },
          "39c08f57-e2aa-420c-8c82-dcf31c54d1d0": {
            "history": [],
            "standing": "unassessed"
          },
          "6a8eff75-fb2e-4395-9794-c6bc33e02639": {
            "history": [],
            "standing": "unassessed"
          },
          "987e123b-eff9-4f59-b414-63c6a8c91b71": {
            "history": [],
            "standing": "unassessed"
          },
          "c4ff781f-1253-4a50-8064-657806d06429": {
            "history": [],
            "standing": "unassessed"
          },
          "ee426731-6c28-4587-884a-4f1ae0dc3b7e": {
            "history": [],
            "standing": "unassessed"
          }
        },
        "method": {
          "history": null,
          "version": "4ed9f3c4-9703-433d-b850-96a482c6f3f2",
          "complete": true
        },
        "criteria": {
          "history": null,
          "version": "de277654-ff98-4265-8098-9837b6f1618e",
          "complete": true
        },
        "witnesses": {
          "history": null,
          "version": "148354dd-d57a-418e-bd1b-1d3c202299df",
          "complete": true
        },
        "governance": {
          "history": null,
          "version": "1b34bace-da7b-4bbb-8b06-566365f98802",
          "complete": true
        },
        "applicability": {
          "history": null,
          "version": "4f2c8463-c5c8-47e3-bf5a-0c1342881127",
          "complete": true
        }
      },
      "non_promotion": "Regenerated read projection. Historical disposition is not present permission; new reentry needs this boundary and observations.",
      "source_contract": "52bc4d60-b4fa-43a5-9475-e2a5340fd573",
      "last_disposition": null
    },
    "recovered": {
      "event": "a98ab229-0311-4a9c-accc-e90486479aa6",
      "replay": false
    },
    "cold": {
      "locator": "52bc4d60-b4fa-43a5-9475-e2a5340fd573",
      "source_contract": "52bc4d60-b4fa-43a5-9475-e2a5340fd573",
      "boundary": "a98ab229-0311-4a9c-accc-e90486479aa6",
      "parent": {
        "step": "inspect the next retained judgment under the bound evidence rules",
        "focal": "35253741-e54b-48cd-be0a-4e9c0d6b2052",
        "remit": "synthetic inspection only; no action, designation or amendment",
        "question": "May this exact retained inquiry judgment be relied upon for the next bounded inspection step under the bound governance basis, or must reliance be requalified/reoriented/held?",
        "governing_basis": {
          "claim": "126a61f8-4480-414a-b8fa-69b3abc9f3ff",
          "version": "1b34bace-da7b-4bbb-8b06-566365f98802",
          "component": "35253741-e54b-48cd-be0a-4e9c0d6b2052"
        }
      },
      "dependency": {
        "why": "child witness examination",
        "slot": "governance",
        "binding": {
          "slot": "governance",
          "remit": "synthetic inspection only; no action, designation or amendment",
          "scope": "40ff098d-0b55-4fb7-9e2c-6c6da05bb28a",
          "method": "4ed9f3c4-9703-433d-b850-96a482c6f3f2",
          "parent": "52bc4d60-b4fa-43a5-9475-e2a5340fd573",
          "version": "1b34bace-da7b-4bbb-8b06-566365f98802",
          "criteria": "de277654-ff98-4265-8098-9837b6f1618e",
          "component": "35253741-e54b-48cd-be0a-4e9c0d6b2052",
          "witnesses": "148354dd-d57a-418e-bd1b-1d3c202299df",
          "child_question": "Does the bound evidence comparator discriminate the declared missing-evidence and missing-method violations from correspondence?",
          "parent_question": "May this exact retained inquiry judgment be relied upon for the next bounded inspection step under the bound governance basis, or must reliance be requalified/reoriented/held?",
          "dependency_claim": "126a61f8-4480-414a-b8fa-69b3abc9f3ff"
        }
      },
      "child": {
        "open": "a37d6ca7-92bd-4fd9-b008-ec79de019564",
        "state": "returned",
        "attempt": "a37d6ca7-92bd-4fd9-b008-ec79de019564",
        "question": "Does the bound evidence comparator discriminate the declared missing-evidence and missing-method violations from correspondence?"
      },
      "judgment": {
        "source": "5df9bfad-9966-4b20-9fce-590a865587db",
        "outcome": "PASS",
        "summary": "All declared finite witness outcomes correspond.",
        "findings": [
          {
            "obligation": "correspondence",
            "expected": "PASS",
            "observed": "PASS"
          },
          {
            "obligation": "missing_evidence",
            "expected": "FAIL",
            "observed": "FAIL"
          },
          {
            "obligation": "missing_method",
            "expected": "FAIL",
            "observed": "FAIL"
          }
        ],
        "evidence_access": "Exact witnesses, paths, method, source standing and limits: read judgment source.",
        "limits": "Finite supplied rules and witnesses; trusted fixture/custody; no universal correctness, authority, currentness or amendment."
      },
      "observations": {
        "claims": {
          "126a61f8-4480-414a-b8fa-69b3abc9f3ff": {
            "history": [],
            "standing": "unassessed"
          },
          "39c08f57-e2aa-420c-8c82-dcf31c54d1d0": {
            "history": [],
            "standing": "unassessed"
          },
          "6a8eff75-fb2e-4395-9794-c6bc33e02639": {
            "history": [],
            "standing": "unassessed"
          },
          "987e123b-eff9-4f59-b414-63c6a8c91b71": {
            "history": [],
            "standing": "unassessed"
          },
          "c4ff781f-1253-4a50-8064-657806d06429": {
            "history": [],
            "standing": "unassessed"
          },
          "ee426731-6c28-4587-884a-4f1ae0dc3b7e": {
            "history": [],
            "standing": "unassessed"
          }
        },
        "method": {
          "history": null,
          "version": "4ed9f3c4-9703-433d-b850-96a482c6f3f2",
          "complete": true
        },
        "criteria": {
          "history": null,
          "version": "de277654-ff98-4265-8098-9837b6f1618e",
          "complete": true
        },
        "witnesses": {
          "history": null,
          "version": "148354dd-d57a-418e-bd1b-1d3c202299df",
          "complete": true
        },
        "governance": {
          "history": null,
          "version": "1b34bace-da7b-4bbb-8b06-566365f98802",
          "complete": true
        },
        "applicability": {
          "history": null,
          "version": "4f2c8463-c5c8-47e3-bf5a-0c1342881127",
          "complete": true
        }
      },
      "changes": [],
      "last_disposition": null,
      "present": {
        "step": "inspect the next retained judgment under the bound evidence rules",
        "reason": "exact child support and independently observed parent conditions apply",
        "disposition": "CONTINUE",
        "g1_acceptance": {
          "outcome": "PASS"
        },
        "non_promotion": "inquiry disposition only; no action or authority"
      },
      "history": {
        "head": "a98ab229-0311-4a9c-accc-e90486479aa6",
        "retained_transitions": 3,
        "access": "Read head source and follow exact predecessor links."
      },
      "non_promotion": "Regenerated read projection. Historical disposition is not present permission; new reentry needs this boundary and observations."
    }
  },
  {
    "id": "P12",
    "control": "return after-commit",
    "before": {
      "child": {
        "open": "5f0750d3-a9cc-4995-a1ad-5fb6c51fe903",
        "state": "judged, not returned",
        "attempt": "5f0750d3-a9cc-4995-a1ad-5fb6c51fe903",
        "question": "Does the bound evidence comparator discriminate the declared missing-evidence and missing-method violations from correspondence?"
      },
      "links": [
        {
          "slot": "method",
          "claim": "825c51a5-f02b-46e8-a667-394852b81f68",
          "version": "25840899-5ed3-46c6-afa0-6d04929c83a8",
          "component": "c3b25bc0-bc19-4f50-8eda-4668e7a2ac72"
        },
        {
          "slot": "criteria",
          "claim": "91428b04-42d9-42af-baa5-a14db3147aa9",
          "version": "b32c064c-6fc4-4a1f-8acc-d0a4de71a4f1",
          "component": "e3b4558e-46b8-44cc-ab04-36f7ff2978b7"
        },
        {
          "slot": "witnesses",
          "claim": "a6f77e0d-f2ab-4917-87f3-b2afcedad11b",
          "version": "f3766061-6253-45f3-aed7-a0a2a665586d",
          "component": "cc10d4d0-0cb1-4b18-8119-ffa8bb92a938"
        },
        {
          "slot": "governance",
          "claim": "0edd1cc8-d38d-4b84-8b6a-8e7a8f68a8c1",
          "version": "e51e3e9a-f3f5-4e95-a0ca-19a882fb6d43",
          "component": "e1385659-498a-46bd-904b-a690ebdacfe3"
        },
        {
          "slot": "applicability",
          "claim": "008bd73f-393b-4048-adc5-1fc4e43606af",
          "version": "2219ccb8-99b6-492f-ad23-62e22f2b26b8",
          "component": "ed0b5cf9-5abf-43df-8def-7fcc8756a312"
        }
      ],
      "parent": {
        "step": "inspect the next retained judgment under the bound evidence rules",
        "focal": "e1385659-498a-46bd-904b-a690ebdacfe3",
        "remit": "synthetic inspection only; no action, designation or amendment",
        "question": "May this exact retained inquiry judgment be relied upon for the next bounded inspection step under the bound governance basis, or must reliance be requalified/reoriented/held?",
        "governing_basis": {
          "claim": "0edd1cc8-d38d-4b84-8b6a-8e7a8f68a8c1",
          "version": "e51e3e9a-f3f5-4e95-a0ca-19a882fb6d43",
          "component": "e1385659-498a-46bd-904b-a690ebdacfe3"
        }
      },
      "changes": [],
      "history": [
        {
          "id": "5f0750d3-a9cc-4995-a1ad-5fb6c51fe903",
          "kind": "open",
          "predecessor": null
        },
        {
          "id": "2b418b8d-f0d3-47cd-b0b5-de1db276789a",
          "kind": "judgment",
          "predecessor": "5f0750d3-a9cc-4995-a1ad-5fb6c51fe903"
        }
      ],
      "locator": "1ac36146-9083-4aa0-b8e6-a9aac37d8f5e",
      "present": {
        "reason": "child result unresolved or not returned",
        "disposition": "HOLD",
        "question_forward": {
          "route": "supply source under fixture custody; successor inquiry for changed basis; independently reenter",
          "restart": "exact source restored or new bound inquiry/version established",
          "question": "Which exact retained evidence, method, or independent applicability observation discharges this blocker?",
          "discriminator": "named witness discriminates correspondence/violation; exact declared writer history is complete"
        }
      },
      "boundary": "2b418b8d-f0d3-47cd-b0b5-de1db276789a",
      "judgment": null,
      "dependency": {
        "why": "child witness examination",
        "slot": "governance",
        "binding": {
          "slot": "governance",
          "remit": "synthetic inspection only; no action, designation or amendment",
          "scope": "06810c0f-9d2c-4f19-84b0-715b7c34f705",
          "method": "25840899-5ed3-46c6-afa0-6d04929c83a8",
          "parent": "1ac36146-9083-4aa0-b8e6-a9aac37d8f5e",
          "version": "e51e3e9a-f3f5-4e95-a0ca-19a882fb6d43",
          "criteria": "b32c064c-6fc4-4a1f-8acc-d0a4de71a4f1",
          "component": "e1385659-498a-46bd-904b-a690ebdacfe3",
          "witnesses": "f3766061-6253-45f3-aed7-a0a2a665586d",
          "child_question": "Does the bound evidence comparator discriminate the declared missing-evidence and missing-method violations from correspondence?",
          "parent_question": "May this exact retained inquiry judgment be relied upon for the next bounded inspection step under the bound governance basis, or must reliance be requalified/reoriented/held?",
          "dependency_claim": "0edd1cc8-d38d-4b84-8b6a-8e7a8f68a8c1"
        }
      },
      "observations": {
        "claims": {
          "008bd73f-393b-4048-adc5-1fc4e43606af": {
            "history": [],
            "standing": "unassessed"
          },
          "0edd1cc8-d38d-4b84-8b6a-8e7a8f68a8c1": {
            "history": [],
            "standing": "unassessed"
          },
          "365d7192-7b7a-40c9-accf-21055f47c9d0": {
            "history": [],
            "standing": "unassessed"
          },
          "825c51a5-f02b-46e8-a667-394852b81f68": {
            "history": [],
            "standing": "unassessed"
          },
          "91428b04-42d9-42af-baa5-a14db3147aa9": {
            "history": [],
            "standing": "unassessed"
          },
          "a6f77e0d-f2ab-4917-87f3-b2afcedad11b": {
            "history": [],
            "standing": "unassessed"
          }
        },
        "method": {
          "history": null,
          "version": "25840899-5ed3-46c6-afa0-6d04929c83a8",
          "complete": true
        },
        "criteria": {
          "history": null,
          "version": "b32c064c-6fc4-4a1f-8acc-d0a4de71a4f1",
          "complete": true
        },
        "witnesses": {
          "history": null,
          "version": "f3766061-6253-45f3-aed7-a0a2a665586d",
          "complete": true
        },
        "governance": {
          "history": null,
          "version": "e51e3e9a-f3f5-4e95-a0ca-19a882fb6d43",
          "complete": true
        },
        "applicability": {
          "history": null,
          "version": "2219ccb8-99b6-492f-ad23-62e22f2b26b8",
          "complete": true
        }
      },
      "non_promotion": "Regenerated read projection. Historical disposition is not present permission; new reentry needs this boundary and observations.",
      "source_contract": "1ac36146-9083-4aa0-b8e6-a9aac37d8f5e",
      "last_disposition": null
    },
    "phases": [
      "ready",
      "committed-no-caller-ack"
    ],
    "after": {
      "child": {
        "open": "5f0750d3-a9cc-4995-a1ad-5fb6c51fe903",
        "state": "returned",
        "attempt": "5f0750d3-a9cc-4995-a1ad-5fb6c51fe903",
        "question": "Does the bound evidence comparator discriminate the declared missing-evidence and missing-method violations from correspondence?"
      },
      "links": [
        {
          "slot": "method",
          "claim": "825c51a5-f02b-46e8-a667-394852b81f68",
          "version": "25840899-5ed3-46c6-afa0-6d04929c83a8",
          "component": "c3b25bc0-bc19-4f50-8eda-4668e7a2ac72"
        },
        {
          "slot": "criteria",
          "claim": "91428b04-42d9-42af-baa5-a14db3147aa9",
          "version": "b32c064c-6fc4-4a1f-8acc-d0a4de71a4f1",
          "component": "e3b4558e-46b8-44cc-ab04-36f7ff2978b7"
        },
        {
          "slot": "witnesses",
          "claim": "a6f77e0d-f2ab-4917-87f3-b2afcedad11b",
          "version": "f3766061-6253-45f3-aed7-a0a2a665586d",
          "component": "cc10d4d0-0cb1-4b18-8119-ffa8bb92a938"
        },
        {
          "slot": "governance",
          "claim": "0edd1cc8-d38d-4b84-8b6a-8e7a8f68a8c1",
          "version": "e51e3e9a-f3f5-4e95-a0ca-19a882fb6d43",
          "component": "e1385659-498a-46bd-904b-a690ebdacfe3"
        },
        {
          "slot": "applicability",
          "claim": "008bd73f-393b-4048-adc5-1fc4e43606af",
          "version": "2219ccb8-99b6-492f-ad23-62e22f2b26b8",
          "component": "ed0b5cf9-5abf-43df-8def-7fcc8756a312"
        }
      ],
      "parent": {
        "step": "inspect the next retained judgment under the bound evidence rules",
        "focal": "e1385659-498a-46bd-904b-a690ebdacfe3",
        "remit": "synthetic inspection only; no action, designation or amendment",
        "question": "May this exact retained inquiry judgment be relied upon for the next bounded inspection step under the bound governance basis, or must reliance be requalified/reoriented/held?",
        "governing_basis": {
          "claim": "0edd1cc8-d38d-4b84-8b6a-8e7a8f68a8c1",
          "version": "e51e3e9a-f3f5-4e95-a0ca-19a882fb6d43",
          "component": "e1385659-498a-46bd-904b-a690ebdacfe3"
        }
      },
      "changes": [],
      "history": [
        {
          "id": "5f0750d3-a9cc-4995-a1ad-5fb6c51fe903",
          "kind": "open",
          "predecessor": null
        },
        {
          "id": "2b418b8d-f0d3-47cd-b0b5-de1db276789a",
          "kind": "judgment",
          "predecessor": "5f0750d3-a9cc-4995-a1ad-5fb6c51fe903"
        },
        {
          "id": "f8446e7e-0b7f-4f2b-88fa-a8279c1b04a9",
          "kind": "return",
          "predecessor": "2b418b8d-f0d3-47cd-b0b5-de1db276789a"
        }
      ],
      "locator": "1ac36146-9083-4aa0-b8e6-a9aac37d8f5e",
      "present": {
        "step": "inspect the next retained judgment under the bound evidence rules",
        "reason": "exact child support and independently observed parent conditions apply",
        "disposition": "CONTINUE",
        "g1_acceptance": {
          "outcome": "PASS",
          "findings": [
            {
              "path": [
                "evidence"
              ],
              "present": true
            },
            {
              "path": [
                "criteria"
              ],
              "present": true
            },
            {
              "path": [
                "method"
              ],
              "present": true
            },
            {
              "path": [
                "findings"
              ],
              "present": true
            }
          ]
        },
        "non_promotion": "inquiry disposition only; no action or authority"
      },
      "boundary": "f8446e7e-0b7f-4f2b-88fa-a8279c1b04a9",
      "judgment": {
        "limits": "Finite supplied rules and witnesses; trusted fixture/custody; no universal correctness, authority, currentness or amendment.",
        "source": "533b306a-f31d-4690-9ca5-1133f0968f0a",
        "outcome": "PASS",
        "summary": "All declared finite witness outcomes correspond.",
        "evidence": [
          "e51e3e9a-f3f5-4e95-a0ca-19a882fb6d43",
          "b32c064c-6fc4-4a1f-8acc-d0a4de71a4f1",
          "25840899-5ed3-46c6-afa0-6d04929c83a8",
          "f3766061-6253-45f3-aed7-a0a2a665586d",
          "b9ec5d74-8492-45ee-894d-1d18b929fbc3"
        ],
        "findings": [
          {
            "witness": {
              "path": [
                "inputs",
                "correspondence"
              ],
              "artifact": "f3766061-6253-45f3-aed7-a0a2a665586d"
            },
            "expected": "PASS",
            "observed": {
              "outcome": "PASS",
              "findings": [
                {
                  "path": [
                    "evidence"
                  ],
                  "present": true
                },
                {
                  "path": [
                    "criteria"
                  ],
                  "present": true
                },
                {
                  "path": [
                    "method"
                  ],
                  "present": true
                },
                {
                  "path": [
                    "findings"
                  ],
                  "present": true
                }
              ]
            },
            "obligation": "correspondence"
          },
          {
            "witness": {
              "path": [
                "inputs",
                "missing_evidence"
              ],
              "artifact": "f3766061-6253-45f3-aed7-a0a2a665586d"
            },
            "expected": "FAIL",
            "observed": {
              "outcome": "FAIL",
              "findings": [
                {
                  "path": [
                    "evidence"
                  ],
                  "present": false
                },
                {
                  "path": [
                    "criteria"
                  ],
                  "present": true
                },
                {
                  "path": [
                    "method"
                  ],
                  "present": true
                },
                {
                  "path": [
                    "findings"
                  ],
                  "present": true
                }
              ]
            },
            "obligation": "missing_evidence"
          },
          {
            "witness": {
              "path": [
                "inputs",
                "missing_method"
              ],
              "artifact": "f3766061-6253-45f3-aed7-a0a2a665586d"
            },
            "expected": "FAIL",
            "observed": {
              "outcome": "FAIL",
              "findings": [
                {
                  "path": [
                    "evidence"
                  ],
                  "present": true
                },
                {
                  "path": [
                    "criteria"
                  ],
                  "present": true
                },
                {
                  "path": [
                    "method"
                  ],
                  "present": false
                },
                {
                  "path": [
                    "findings"
                  ],
                  "present": true
                }
              ]
            },
            "obligation": "missing_method"
          }
        ]
      },
      "dependency": {
        "why": "child witness examination",
        "slot": "governance",
        "binding": {
          "slot": "governance",
          "remit": "synthetic inspection only; no action, designation or amendment",
          "scope": "06810c0f-9d2c-4f19-84b0-715b7c34f705",
          "method": "25840899-5ed3-46c6-afa0-6d04929c83a8",
          "parent": "1ac36146-9083-4aa0-b8e6-a9aac37d8f5e",
          "version": "e51e3e9a-f3f5-4e95-a0ca-19a882fb6d43",
          "criteria": "b32c064c-6fc4-4a1f-8acc-d0a4de71a4f1",
          "component": "e1385659-498a-46bd-904b-a690ebdacfe3",
          "witnesses": "f3766061-6253-45f3-aed7-a0a2a665586d",
          "child_question": "Does the bound evidence comparator discriminate the declared missing-evidence and missing-method violations from correspondence?",
          "parent_question": "May this exact retained inquiry judgment be relied upon for the next bounded inspection step under the bound governance basis, or must reliance be requalified/reoriented/held?",
          "dependency_claim": "0edd1cc8-d38d-4b84-8b6a-8e7a8f68a8c1"
        }
      },
      "observations": {
        "claims": {
          "008bd73f-393b-4048-adc5-1fc4e43606af": {
            "history": [],
            "standing": "unassessed"
          },
          "0edd1cc8-d38d-4b84-8b6a-8e7a8f68a8c1": {
            "history": [],
            "standing": "unassessed"
          },
          "365d7192-7b7a-40c9-accf-21055f47c9d0": {
            "history": [],
            "standing": "unassessed"
          },
          "825c51a5-f02b-46e8-a667-394852b81f68": {
            "history": [],
            "standing": "unassessed"
          },
          "91428b04-42d9-42af-baa5-a14db3147aa9": {
            "history": [],
            "standing": "unassessed"
          },
          "a6f77e0d-f2ab-4917-87f3-b2afcedad11b": {
            "history": [],
            "standing": "unassessed"
          }
        },
        "method": {
          "history": null,
          "version": "25840899-5ed3-46c6-afa0-6d04929c83a8",
          "complete": true
        },
        "criteria": {
          "history": null,
          "version": "b32c064c-6fc4-4a1f-8acc-d0a4de71a4f1",
          "complete": true
        },
        "witnesses": {
          "history": null,
          "version": "f3766061-6253-45f3-aed7-a0a2a665586d",
          "complete": true
        },
        "governance": {
          "history": null,
          "version": "e51e3e9a-f3f5-4e95-a0ca-19a882fb6d43",
          "complete": true
        },
        "applicability": {
          "history": null,
          "version": "2219ccb8-99b6-492f-ad23-62e22f2b26b8",
          "complete": true
        }
      },
      "non_promotion": "Regenerated read projection. Historical disposition is not present permission; new reentry needs this boundary and observations.",
      "source_contract": "1ac36146-9083-4aa0-b8e6-a9aac37d8f5e",
      "last_disposition": null
    },
    "recovered": {
      "event": "f8446e7e-0b7f-4f2b-88fa-a8279c1b04a9",
      "replay": true
    },
    "cold": {
      "locator": "1ac36146-9083-4aa0-b8e6-a9aac37d8f5e",
      "source_contract": "1ac36146-9083-4aa0-b8e6-a9aac37d8f5e",
      "boundary": "f8446e7e-0b7f-4f2b-88fa-a8279c1b04a9",
      "parent": {
        "step": "inspect the next retained judgment under the bound evidence rules",
        "focal": "e1385659-498a-46bd-904b-a690ebdacfe3",
        "remit": "synthetic inspection only; no action, designation or amendment",
        "question": "May this exact retained inquiry judgment be relied upon for the next bounded inspection step under the bound governance basis, or must reliance be requalified/reoriented/held?",
        "governing_basis": {
          "claim": "0edd1cc8-d38d-4b84-8b6a-8e7a8f68a8c1",
          "version": "e51e3e9a-f3f5-4e95-a0ca-19a882fb6d43",
          "component": "e1385659-498a-46bd-904b-a690ebdacfe3"
        }
      },
      "dependency": {
        "why": "child witness examination",
        "slot": "governance",
        "binding": {
          "slot": "governance",
          "remit": "synthetic inspection only; no action, designation or amendment",
          "scope": "06810c0f-9d2c-4f19-84b0-715b7c34f705",
          "method": "25840899-5ed3-46c6-afa0-6d04929c83a8",
          "parent": "1ac36146-9083-4aa0-b8e6-a9aac37d8f5e",
          "version": "e51e3e9a-f3f5-4e95-a0ca-19a882fb6d43",
          "criteria": "b32c064c-6fc4-4a1f-8acc-d0a4de71a4f1",
          "component": "e1385659-498a-46bd-904b-a690ebdacfe3",
          "witnesses": "f3766061-6253-45f3-aed7-a0a2a665586d",
          "child_question": "Does the bound evidence comparator discriminate the declared missing-evidence and missing-method violations from correspondence?",
          "parent_question": "May this exact retained inquiry judgment be relied upon for the next bounded inspection step under the bound governance basis, or must reliance be requalified/reoriented/held?",
          "dependency_claim": "0edd1cc8-d38d-4b84-8b6a-8e7a8f68a8c1"
        }
      },
      "child": {
        "open": "5f0750d3-a9cc-4995-a1ad-5fb6c51fe903",
        "state": "returned",
        "attempt": "5f0750d3-a9cc-4995-a1ad-5fb6c51fe903",
        "question": "Does the bound evidence comparator discriminate the declared missing-evidence and missing-method violations from correspondence?"
      },
      "judgment": {
        "source": "533b306a-f31d-4690-9ca5-1133f0968f0a",
        "outcome": "PASS",
        "summary": "All declared finite witness outcomes correspond.",
        "findings": [
          {
            "obligation": "correspondence",
            "expected": "PASS",
            "observed": "PASS"
          },
          {
            "obligation": "missing_evidence",
            "expected": "FAIL",
            "observed": "FAIL"
          },
          {
            "obligation": "missing_method",
            "expected": "FAIL",
            "observed": "FAIL"
          }
        ],
        "evidence_access": "Exact witnesses, paths, method, source standing and limits: read judgment source.",
        "limits": "Finite supplied rules and witnesses; trusted fixture/custody; no universal correctness, authority, currentness or amendment."
      },
      "observations": {
        "claims": {
          "008bd73f-393b-4048-adc5-1fc4e43606af": {
            "history": [],
            "standing": "unassessed"
          },
          "0edd1cc8-d38d-4b84-8b6a-8e7a8f68a8c1": {
            "history": [],
            "standing": "unassessed"
          },
          "365d7192-7b7a-40c9-accf-21055f47c9d0": {
            "history": [],
            "standing": "unassessed"
          },
          "825c51a5-f02b-46e8-a667-394852b81f68": {
            "history": [],
            "standing": "unassessed"
          },
          "91428b04-42d9-42af-baa5-a14db3147aa9": {
            "history": [],
            "standing": "unassessed"
          },
          "a6f77e0d-f2ab-4917-87f3-b2afcedad11b": {
            "history": [],
            "standing": "unassessed"
          }
        },
        "method": {
          "history": null,
          "version": "25840899-5ed3-46c6-afa0-6d04929c83a8",
          "complete": true
        },
        "criteria": {
          "history": null,
          "version": "b32c064c-6fc4-4a1f-8acc-d0a4de71a4f1",
          "complete": true
        },
        "witnesses": {
          "history": null,
          "version": "f3766061-6253-45f3-aed7-a0a2a665586d",
          "complete": true
        },
        "governance": {
          "history": null,
          "version": "e51e3e9a-f3f5-4e95-a0ca-19a882fb6d43",
          "complete": true
        },
        "applicability": {
          "history": null,
          "version": "2219ccb8-99b6-492f-ad23-62e22f2b26b8",
          "complete": true
        }
      },
      "changes": [],
      "last_disposition": null,
      "present": {
        "step": "inspect the next retained judgment under the bound evidence rules",
        "reason": "exact child support and independently observed parent conditions apply",
        "disposition": "CONTINUE",
        "g1_acceptance": {
          "outcome": "PASS"
        },
        "non_promotion": "inquiry disposition only; no action or authority"
      },
      "history": {
        "head": "f8446e7e-0b7f-4f2b-88fa-a8279c1b04a9",
        "retained_transitions": 3,
        "access": "Read head source and follow exact predecessor links."
      },
      "non_promotion": "Regenerated read projection. Historical disposition is not present permission; new reentry needs this boundary and observations."
    }
  },
  {
    "id": "P12",
    "control": "reentry before-commit",
    "before": {
      "child": {
        "open": "0a9ecec3-96c2-45f8-8e99-91a49a534a11",
        "state": "returned",
        "attempt": "0a9ecec3-96c2-45f8-8e99-91a49a534a11",
        "question": "Does the bound evidence comparator discriminate the declared missing-evidence and missing-method violations from correspondence?"
      },
      "links": [
        {
          "slot": "method",
          "claim": "c896956b-cc96-410b-a832-7686d25144e8",
          "version": "6677583d-c94c-4806-ac96-e5ccf28242b1",
          "component": "fd09b3cc-4b30-45fe-b6d5-e258e7bbbe16"
        },
        {
          "slot": "criteria",
          "claim": "b01e4c1d-d8e0-442e-ad5c-a9607b3a01b4",
          "version": "d8150387-45db-4361-b98c-a94b47b55f15",
          "component": "d5053c35-b132-433a-833a-5314d3e72760"
        },
        {
          "slot": "witnesses",
          "claim": "7ffa74be-a2b3-4496-9d24-2c9634ad1299",
          "version": "5d1e2caf-6ed0-4a5e-bf7c-9ac378f9af15",
          "component": "c206eabc-06b1-4acd-af8a-06d90cf90f2a"
        },
        {
          "slot": "governance",
          "claim": "c332b49c-b31d-4faa-9aa9-b1b276a4333d",
          "version": "8f03b15b-2524-41b8-821f-c201a201c72e",
          "component": "b5707e22-90b7-497d-b030-0dbb6f53a161"
        },
        {
          "slot": "applicability",
          "claim": "4aef4929-bc52-49e0-9438-21d3622b975b",
          "version": "8e457755-c040-474e-a151-269dabe4d699",
          "component": "51daf7e4-f1d3-468d-8f3a-3c7d0f289eb0"
        }
      ],
      "parent": {
        "step": "inspect the next retained judgment under the bound evidence rules",
        "focal": "b5707e22-90b7-497d-b030-0dbb6f53a161",
        "remit": "synthetic inspection only; no action, designation or amendment",
        "question": "May this exact retained inquiry judgment be relied upon for the next bounded inspection step under the bound governance basis, or must reliance be requalified/reoriented/held?",
        "governing_basis": {
          "claim": "c332b49c-b31d-4faa-9aa9-b1b276a4333d",
          "version": "8f03b15b-2524-41b8-821f-c201a201c72e",
          "component": "b5707e22-90b7-497d-b030-0dbb6f53a161"
        }
      },
      "changes": [],
      "history": [
        {
          "id": "0a9ecec3-96c2-45f8-8e99-91a49a534a11",
          "kind": "open",
          "predecessor": null
        },
        {
          "id": "3173e346-ac74-4dab-9a22-631032326df3",
          "kind": "judgment",
          "predecessor": "0a9ecec3-96c2-45f8-8e99-91a49a534a11"
        },
        {
          "id": "f726fb11-137a-4d07-9846-be08db235e29",
          "kind": "return",
          "predecessor": "3173e346-ac74-4dab-9a22-631032326df3"
        }
      ],
      "locator": "56119559-0bba-4756-84b1-417b9e7d3ca2",
      "present": {
        "step": "inspect the next retained judgment under the bound evidence rules",
        "reason": "exact child support and independently observed parent conditions apply",
        "disposition": "CONTINUE",
        "g1_acceptance": {
          "outcome": "PASS",
          "findings": [
            {
              "path": [
                "evidence"
              ],
              "present": true
            },
            {
              "path": [
                "criteria"
              ],
              "present": true
            },
            {
              "path": [
                "method"
              ],
              "present": true
            },
            {
              "path": [
                "findings"
              ],
              "present": true
            }
          ]
        },
        "non_promotion": "inquiry disposition only; no action or authority"
      },
      "boundary": "f726fb11-137a-4d07-9846-be08db235e29",
      "judgment": {
        "limits": "Finite supplied rules and witnesses; trusted fixture/custody; no universal correctness, authority, currentness or amendment.",
        "source": "14f7cfb8-2702-40f3-a11d-d420fe04c172",
        "outcome": "PASS",
        "summary": "All declared finite witness outcomes correspond.",
        "evidence": [
          "8f03b15b-2524-41b8-821f-c201a201c72e",
          "d8150387-45db-4361-b98c-a94b47b55f15",
          "6677583d-c94c-4806-ac96-e5ccf28242b1",
          "5d1e2caf-6ed0-4a5e-bf7c-9ac378f9af15",
          "1a47e686-c88a-4888-b00d-9a3aff3bdb86"
        ],
        "findings": [
          {
            "witness": {
              "path": [
                "inputs",
                "correspondence"
              ],
              "artifact": "5d1e2caf-6ed0-4a5e-bf7c-9ac378f9af15"
            },
            "expected": "PASS",
            "observed": {
              "outcome": "PASS",
              "findings": [
                {
                  "path": [
                    "evidence"
                  ],
                  "present": true
                },
                {
                  "path": [
                    "criteria"
                  ],
                  "present": true
                },
                {
                  "path": [
                    "method"
                  ],
                  "present": true
                },
                {
                  "path": [
                    "findings"
                  ],
                  "present": true
                }
              ]
            },
            "obligation": "correspondence"
          },
          {
            "witness": {
              "path": [
                "inputs",
                "missing_evidence"
              ],
              "artifact": "5d1e2caf-6ed0-4a5e-bf7c-9ac378f9af15"
            },
            "expected": "FAIL",
            "observed": {
              "outcome": "FAIL",
              "findings": [
                {
                  "path": [
                    "evidence"
                  ],
                  "present": false
                },
                {
                  "path": [
                    "criteria"
                  ],
                  "present": true
                },
                {
                  "path": [
                    "method"
                  ],
                  "present": true
                },
                {
                  "path": [
                    "findings"
                  ],
                  "present": true
                }
              ]
            },
            "obligation": "missing_evidence"
          },
          {
            "witness": {
              "path": [
                "inputs",
                "missing_method"
              ],
              "artifact": "5d1e2caf-6ed0-4a5e-bf7c-9ac378f9af15"
            },
            "expected": "FAIL",
            "observed": {
              "outcome": "FAIL",
              "findings": [
                {
                  "path": [
                    "evidence"
                  ],
                  "present": true
                },
                {
                  "path": [
                    "criteria"
                  ],
                  "present": true
                },
                {
                  "path": [
                    "method"
                  ],
                  "present": false
                },
                {
                  "path": [
                    "findings"
                  ],
                  "present": true
                }
              ]
            },
            "obligation": "missing_method"
          }
        ]
      },
      "dependency": {
        "why": "child witness examination",
        "slot": "governance",
        "binding": {
          "slot": "governance",
          "remit": "synthetic inspection only; no action, designation or amendment",
          "scope": "7bd82a7a-7163-442c-8570-2734741cc3f3",
          "method": "6677583d-c94c-4806-ac96-e5ccf28242b1",
          "parent": "56119559-0bba-4756-84b1-417b9e7d3ca2",
          "version": "8f03b15b-2524-41b8-821f-c201a201c72e",
          "criteria": "d8150387-45db-4361-b98c-a94b47b55f15",
          "component": "b5707e22-90b7-497d-b030-0dbb6f53a161",
          "witnesses": "5d1e2caf-6ed0-4a5e-bf7c-9ac378f9af15",
          "child_question": "Does the bound evidence comparator discriminate the declared missing-evidence and missing-method violations from correspondence?",
          "parent_question": "May this exact retained inquiry judgment be relied upon for the next bounded inspection step under the bound governance basis, or must reliance be requalified/reoriented/held?",
          "dependency_claim": "c332b49c-b31d-4faa-9aa9-b1b276a4333d"
        }
      },
      "observations": {
        "claims": {
          "4aef4929-bc52-49e0-9438-21d3622b975b": {
            "history": [],
            "standing": "unassessed"
          },
          "7ffa74be-a2b3-4496-9d24-2c9634ad1299": {
            "history": [],
            "standing": "unassessed"
          },
          "b01e4c1d-d8e0-442e-ad5c-a9607b3a01b4": {
            "history": [],
            "standing": "unassessed"
          },
          "c332b49c-b31d-4faa-9aa9-b1b276a4333d": {
            "history": [],
            "standing": "unassessed"
          },
          "c896956b-cc96-410b-a832-7686d25144e8": {
            "history": [],
            "standing": "unassessed"
          },
          "e9920f8f-099e-4c83-a210-d7e7f44c32a5": {
            "history": [],
            "standing": "unassessed"
          }
        },
        "method": {
          "history": null,
          "version": "6677583d-c94c-4806-ac96-e5ccf28242b1",
          "complete": true
        },
        "criteria": {
          "history": null,
          "version": "d8150387-45db-4361-b98c-a94b47b55f15",
          "complete": true
        },
        "witnesses": {
          "history": null,
          "version": "5d1e2caf-6ed0-4a5e-bf7c-9ac378f9af15",
          "complete": true
        },
        "governance": {
          "history": null,
          "version": "8f03b15b-2524-41b8-821f-c201a201c72e",
          "complete": true
        },
        "applicability": {
          "history": null,
          "version": "8e457755-c040-474e-a151-269dabe4d699",
          "complete": true
        }
      },
      "non_promotion": "Regenerated read projection. Historical disposition is not present permission; new reentry needs this boundary and observations.",
      "source_contract": "56119559-0bba-4756-84b1-417b9e7d3ca2",
      "last_disposition": null
    },
    "phases": [
      "ready",
      "applied-uncommitted"
    ],
    "after": {
      "child": {
        "open": "0a9ecec3-96c2-45f8-8e99-91a49a534a11",
        "state": "returned",
        "attempt": "0a9ecec3-96c2-45f8-8e99-91a49a534a11",
        "question": "Does the bound evidence comparator discriminate the declared missing-evidence and missing-method violations from correspondence?"
      },
      "links": [
        {
          "slot": "method",
          "claim": "c896956b-cc96-410b-a832-7686d25144e8",
          "version": "6677583d-c94c-4806-ac96-e5ccf28242b1",
          "component": "fd09b3cc-4b30-45fe-b6d5-e258e7bbbe16"
        },
        {
          "slot": "criteria",
          "claim": "b01e4c1d-d8e0-442e-ad5c-a9607b3a01b4",
          "version": "d8150387-45db-4361-b98c-a94b47b55f15",
          "component": "d5053c35-b132-433a-833a-5314d3e72760"
        },
        {
          "slot": "witnesses",
          "claim": "7ffa74be-a2b3-4496-9d24-2c9634ad1299",
          "version": "5d1e2caf-6ed0-4a5e-bf7c-9ac378f9af15",
          "component": "c206eabc-06b1-4acd-af8a-06d90cf90f2a"
        },
        {
          "slot": "governance",
          "claim": "c332b49c-b31d-4faa-9aa9-b1b276a4333d",
          "version": "8f03b15b-2524-41b8-821f-c201a201c72e",
          "component": "b5707e22-90b7-497d-b030-0dbb6f53a161"
        },
        {
          "slot": "applicability",
          "claim": "4aef4929-bc52-49e0-9438-21d3622b975b",
          "version": "8e457755-c040-474e-a151-269dabe4d699",
          "component": "51daf7e4-f1d3-468d-8f3a-3c7d0f289eb0"
        }
      ],
      "parent": {
        "step": "inspect the next retained judgment under the bound evidence rules",
        "focal": "b5707e22-90b7-497d-b030-0dbb6f53a161",
        "remit": "synthetic inspection only; no action, designation or amendment",
        "question": "May this exact retained inquiry judgment be relied upon for the next bounded inspection step under the bound governance basis, or must reliance be requalified/reoriented/held?",
        "governing_basis": {
          "claim": "c332b49c-b31d-4faa-9aa9-b1b276a4333d",
          "version": "8f03b15b-2524-41b8-821f-c201a201c72e",
          "component": "b5707e22-90b7-497d-b030-0dbb6f53a161"
        }
      },
      "changes": [],
      "history": [
        {
          "id": "0a9ecec3-96c2-45f8-8e99-91a49a534a11",
          "kind": "open",
          "predecessor": null
        },
        {
          "id": "3173e346-ac74-4dab-9a22-631032326df3",
          "kind": "judgment",
          "predecessor": "0a9ecec3-96c2-45f8-8e99-91a49a534a11"
        },
        {
          "id": "f726fb11-137a-4d07-9846-be08db235e29",
          "kind": "return",
          "predecessor": "3173e346-ac74-4dab-9a22-631032326df3"
        }
      ],
      "locator": "56119559-0bba-4756-84b1-417b9e7d3ca2",
      "present": {
        "step": "inspect the next retained judgment under the bound evidence rules",
        "reason": "exact child support and independently observed parent conditions apply",
        "disposition": "CONTINUE",
        "g1_acceptance": {
          "outcome": "PASS",
          "findings": [
            {
              "path": [
                "evidence"
              ],
              "present": true
            },
            {
              "path": [
                "criteria"
              ],
              "present": true
            },
            {
              "path": [
                "method"
              ],
              "present": true
            },
            {
              "path": [
                "findings"
              ],
              "present": true
            }
          ]
        },
        "non_promotion": "inquiry disposition only; no action or authority"
      },
      "boundary": "f726fb11-137a-4d07-9846-be08db235e29",
      "judgment": {
        "limits": "Finite supplied rules and witnesses; trusted fixture/custody; no universal correctness, authority, currentness or amendment.",
        "source": "14f7cfb8-2702-40f3-a11d-d420fe04c172",
        "outcome": "PASS",
        "summary": "All declared finite witness outcomes correspond.",
        "evidence": [
          "8f03b15b-2524-41b8-821f-c201a201c72e",
          "d8150387-45db-4361-b98c-a94b47b55f15",
          "6677583d-c94c-4806-ac96-e5ccf28242b1",
          "5d1e2caf-6ed0-4a5e-bf7c-9ac378f9af15",
          "1a47e686-c88a-4888-b00d-9a3aff3bdb86"
        ],
        "findings": [
          {
            "witness": {
              "path": [
                "inputs",
                "correspondence"
              ],
              "artifact": "5d1e2caf-6ed0-4a5e-bf7c-9ac378f9af15"
            },
            "expected": "PASS",
            "observed": {
              "outcome": "PASS",
              "findings": [
                {
                  "path": [
                    "evidence"
                  ],
                  "present": true
                },
                {
                  "path": [
                    "criteria"
                  ],
                  "present": true
                },
                {
                  "path": [
                    "method"
                  ],
                  "present": true
                },
                {
                  "path": [
                    "findings"
                  ],
                  "present": true
                }
              ]
            },
            "obligation": "correspondence"
          },
          {
            "witness": {
              "path": [
                "inputs",
                "missing_evidence"
              ],
              "artifact": "5d1e2caf-6ed0-4a5e-bf7c-9ac378f9af15"
            },
            "expected": "FAIL",
            "observed": {
              "outcome": "FAIL",
              "findings": [
                {
                  "path": [
                    "evidence"
                  ],
                  "present": false
                },
                {
                  "path": [
                    "criteria"
                  ],
                  "present": true
                },
                {
                  "path": [
                    "method"
                  ],
                  "present": true
                },
                {
                  "path": [
                    "findings"
                  ],
                  "present": true
                }
              ]
            },
            "obligation": "missing_evidence"
          },
          {
            "witness": {
              "path": [
                "inputs",
                "missing_method"
              ],
              "artifact": "5d1e2caf-6ed0-4a5e-bf7c-9ac378f9af15"
            },
            "expected": "FAIL",
            "observed": {
              "outcome": "FAIL",
              "findings": [
                {
                  "path": [
                    "evidence"
                  ],
                  "present": true
                },
                {
                  "path": [
                    "criteria"
                  ],
                  "present": true
                },
                {
                  "path": [
                    "method"
                  ],
                  "present": false
                },
                {
                  "path": [
                    "findings"
                  ],
                  "present": true
                }
              ]
            },
            "obligation": "missing_method"
          }
        ]
      },
      "dependency": {
        "why": "child witness examination",
        "slot": "governance",
        "binding": {
          "slot": "governance",
          "remit": "synthetic inspection only; no action, designation or amendment",
          "scope": "7bd82a7a-7163-442c-8570-2734741cc3f3",
          "method": "6677583d-c94c-4806-ac96-e5ccf28242b1",
          "parent": "56119559-0bba-4756-84b1-417b9e7d3ca2",
          "version": "8f03b15b-2524-41b8-821f-c201a201c72e",
          "criteria": "d8150387-45db-4361-b98c-a94b47b55f15",
          "component": "b5707e22-90b7-497d-b030-0dbb6f53a161",
          "witnesses": "5d1e2caf-6ed0-4a5e-bf7c-9ac378f9af15",
          "child_question": "Does the bound evidence comparator discriminate the declared missing-evidence and missing-method violations from correspondence?",
          "parent_question": "May this exact retained inquiry judgment be relied upon for the next bounded inspection step under the bound governance basis, or must reliance be requalified/reoriented/held?",
          "dependency_claim": "c332b49c-b31d-4faa-9aa9-b1b276a4333d"
        }
      },
      "observations": {
        "claims": {
          "4aef4929-bc52-49e0-9438-21d3622b975b": {
            "history": [],
            "standing": "unassessed"
          },
          "7ffa74be-a2b3-4496-9d24-2c9634ad1299": {
            "history": [],
            "standing": "unassessed"
          },
          "b01e4c1d-d8e0-442e-ad5c-a9607b3a01b4": {
            "history": [],
            "standing": "unassessed"
          },
          "c332b49c-b31d-4faa-9aa9-b1b276a4333d": {
            "history": [],
            "standing": "unassessed"
          },
          "c896956b-cc96-410b-a832-7686d25144e8": {
            "history": [],
            "standing": "unassessed"
          },
          "e9920f8f-099e-4c83-a210-d7e7f44c32a5": {
            "history": [],
            "standing": "unassessed"
          }
        },
        "method": {
          "history": null,
          "version": "6677583d-c94c-4806-ac96-e5ccf28242b1",
          "complete": true
        },
        "criteria": {
          "history": null,
          "version": "d8150387-45db-4361-b98c-a94b47b55f15",
          "complete": true
        },
        "witnesses": {
          "history": null,
          "version": "5d1e2caf-6ed0-4a5e-bf7c-9ac378f9af15",
          "complete": true
        },
        "governance": {
          "history": null,
          "version": "8f03b15b-2524-41b8-821f-c201a201c72e",
          "complete": true
        },
        "applicability": {
          "history": null,
          "version": "8e457755-c040-474e-a151-269dabe4d699",
          "complete": true
        }
      },
      "non_promotion": "Regenerated read projection. Historical disposition is not present permission; new reentry needs this boundary and observations.",
      "source_contract": "56119559-0bba-4756-84b1-417b9e7d3ca2",
      "last_disposition": null
    },
    "recovered": {
      "event": "f60cd55b-9397-4814-8cb1-85aa7883cc1b",
      "replay": false,
      "result": {
        "step": "inspect the next retained judgment under the bound evidence rules",
        "reason": "exact child support and independently observed parent conditions apply",
        "disposition": "CONTINUE",
        "g1_acceptance": {
          "outcome": "PASS",
          "findings": [
            {
              "path": [
                "evidence"
              ],
              "present": true
            },
            {
              "path": [
                "criteria"
              ],
              "present": true
            },
            {
              "path": [
                "method"
              ],
              "present": true
            },
            {
              "path": [
                "findings"
              ],
              "present": true
            }
          ]
        },
        "non_promotion": "inquiry disposition only; no action or authority"
      }
    },
    "cold": {
      "locator": "56119559-0bba-4756-84b1-417b9e7d3ca2",
      "source_contract": "56119559-0bba-4756-84b1-417b9e7d3ca2",
      "boundary": "f60cd55b-9397-4814-8cb1-85aa7883cc1b",
      "parent": {
        "step": "inspect the next retained judgment under the bound evidence rules",
        "focal": "b5707e22-90b7-497d-b030-0dbb6f53a161",
        "remit": "synthetic inspection only; no action, designation or amendment",
        "question": "May this exact retained inquiry judgment be relied upon for the next bounded inspection step under the bound governance basis, or must reliance be requalified/reoriented/held?",
        "governing_basis": {
          "claim": "c332b49c-b31d-4faa-9aa9-b1b276a4333d",
          "version": "8f03b15b-2524-41b8-821f-c201a201c72e",
          "component": "b5707e22-90b7-497d-b030-0dbb6f53a161"
        }
      },
      "dependency": {
        "why": "child witness examination",
        "slot": "governance",
        "binding": {
          "slot": "governance",
          "remit": "synthetic inspection only; no action, designation or amendment",
          "scope": "7bd82a7a-7163-442c-8570-2734741cc3f3",
          "method": "6677583d-c94c-4806-ac96-e5ccf28242b1",
          "parent": "56119559-0bba-4756-84b1-417b9e7d3ca2",
          "version": "8f03b15b-2524-41b8-821f-c201a201c72e",
          "criteria": "d8150387-45db-4361-b98c-a94b47b55f15",
          "component": "b5707e22-90b7-497d-b030-0dbb6f53a161",
          "witnesses": "5d1e2caf-6ed0-4a5e-bf7c-9ac378f9af15",
          "child_question": "Does the bound evidence comparator discriminate the declared missing-evidence and missing-method violations from correspondence?",
          "parent_question": "May this exact retained inquiry judgment be relied upon for the next bounded inspection step under the bound governance basis, or must reliance be requalified/reoriented/held?",
          "dependency_claim": "c332b49c-b31d-4faa-9aa9-b1b276a4333d"
        }
      },
      "child": {
        "open": "0a9ecec3-96c2-45f8-8e99-91a49a534a11",
        "state": "returned",
        "attempt": "0a9ecec3-96c2-45f8-8e99-91a49a534a11",
        "question": "Does the bound evidence comparator discriminate the declared missing-evidence and missing-method violations from correspondence?"
      },
      "judgment": {
        "source": "14f7cfb8-2702-40f3-a11d-d420fe04c172",
        "outcome": "PASS",
        "summary": "All declared finite witness outcomes correspond.",
        "findings": [
          {
            "obligation": "correspondence",
            "expected": "PASS",
            "observed": "PASS"
          },
          {
            "obligation": "missing_evidence",
            "expected": "FAIL",
            "observed": "FAIL"
          },
          {
            "obligation": "missing_method",
            "expected": "FAIL",
            "observed": "FAIL"
          }
        ],
        "evidence_access": "Exact witnesses, paths, method, source standing and limits: read judgment source.",
        "limits": "Finite supplied rules and witnesses; trusted fixture/custody; no universal correctness, authority, currentness or amendment."
      },
      "observations": {
        "claims": {
          "4aef4929-bc52-49e0-9438-21d3622b975b": {
            "history": [],
            "standing": "unassessed"
          },
          "7ffa74be-a2b3-4496-9d24-2c9634ad1299": {
            "history": [],
            "standing": "unassessed"
          },
          "b01e4c1d-d8e0-442e-ad5c-a9607b3a01b4": {
            "history": [],
            "standing": "unassessed"
          },
          "c332b49c-b31d-4faa-9aa9-b1b276a4333d": {
            "history": [],
            "standing": "unassessed"
          },
          "c896956b-cc96-410b-a832-7686d25144e8": {
            "history": [],
            "standing": "unassessed"
          },
          "e9920f8f-099e-4c83-a210-d7e7f44c32a5": {
            "history": [],
            "standing": "unassessed"
          }
        },
        "method": {
          "history": null,
          "version": "6677583d-c94c-4806-ac96-e5ccf28242b1",
          "complete": true
        },
        "criteria": {
          "history": null,
          "version": "d8150387-45db-4361-b98c-a94b47b55f15",
          "complete": true
        },
        "witnesses": {
          "history": null,
          "version": "5d1e2caf-6ed0-4a5e-bf7c-9ac378f9af15",
          "complete": true
        },
        "governance": {
          "history": null,
          "version": "8f03b15b-2524-41b8-821f-c201a201c72e",
          "complete": true
        },
        "applicability": {
          "history": null,
          "version": "8e457755-c040-474e-a151-269dabe4d699",
          "complete": true
        }
      },
      "changes": [],
      "last_disposition": {
        "source": "f60cd55b-9397-4814-8cb1-85aa7883cc1b",
        "disposition": "CONTINUE",
        "reason": "exact child support and independently observed parent conditions apply",
        "result": "14f7cfb8-2702-40f3-a11d-d420fe04c172",
        "attribution": "b9_parent"
      },
      "present": {
        "step": "inspect the next retained judgment under the bound evidence rules",
        "reason": "exact child support and independently observed parent conditions apply",
        "disposition": "CONTINUE",
        "g1_acceptance": {
          "outcome": "PASS"
        },
        "non_promotion": "inquiry disposition only; no action or authority"
      },
      "history": {
        "head": "f60cd55b-9397-4814-8cb1-85aa7883cc1b",
        "retained_transitions": 4,
        "access": "Read head source and follow exact predecessor links."
      },
      "non_promotion": "Regenerated read projection. Historical disposition is not present permission; new reentry needs this boundary and observations."
    }
  },
  {
    "id": "P12",
    "control": "reentry after-commit",
    "before": {
      "child": {
        "open": "fa6a8c23-85fd-4e4a-a8aa-62a2b4375c6f",
        "state": "returned",
        "attempt": "fa6a8c23-85fd-4e4a-a8aa-62a2b4375c6f",
        "question": "Does the bound evidence comparator discriminate the declared missing-evidence and missing-method violations from correspondence?"
      },
      "links": [
        {
          "slot": "method",
          "claim": "993455ad-906d-4f51-9ee7-d6463c3e2cd4",
          "version": "83e12e84-992f-4fcc-92a6-ea4e4d991ca6",
          "component": "ac905b9c-71da-4c77-9620-6674e22fcdbc"
        },
        {
          "slot": "criteria",
          "claim": "0d01a21d-87d8-4708-a2fb-c7ea5bbbf442",
          "version": "d12e0d43-e95a-4f3a-8133-72a022aaa2b3",
          "component": "ac29385b-c540-43df-9787-c9c778176adc"
        },
        {
          "slot": "witnesses",
          "claim": "4410db56-91d9-447b-bdd6-862f10b79432",
          "version": "e3d2d084-f0eb-4cea-ba8b-ee0208ade6ff",
          "component": "58698614-6e8b-4048-bddf-c1f06c6800aa"
        },
        {
          "slot": "governance",
          "claim": "d4a0d51a-e369-4038-aa51-7ca8e68e12c8",
          "version": "8a4c60b1-d49c-483b-bdae-c3bff7711ca1",
          "component": "26a88782-a790-4618-8418-bfdd2a82815c"
        },
        {
          "slot": "applicability",
          "claim": "eb4a8dc6-ea98-4b0c-9e19-756bac8f4b95",
          "version": "764cb163-bb4a-4596-b2a9-ba93de1fde07",
          "component": "ebf8ca00-fad5-498b-ab88-b28fdd29bc18"
        }
      ],
      "parent": {
        "step": "inspect the next retained judgment under the bound evidence rules",
        "focal": "26a88782-a790-4618-8418-bfdd2a82815c",
        "remit": "synthetic inspection only; no action, designation or amendment",
        "question": "May this exact retained inquiry judgment be relied upon for the next bounded inspection step under the bound governance basis, or must reliance be requalified/reoriented/held?",
        "governing_basis": {
          "claim": "d4a0d51a-e369-4038-aa51-7ca8e68e12c8",
          "version": "8a4c60b1-d49c-483b-bdae-c3bff7711ca1",
          "component": "26a88782-a790-4618-8418-bfdd2a82815c"
        }
      },
      "changes": [],
      "history": [
        {
          "id": "fa6a8c23-85fd-4e4a-a8aa-62a2b4375c6f",
          "kind": "open",
          "predecessor": null
        },
        {
          "id": "9682b0ca-00d3-4b12-a083-317ad9792dec",
          "kind": "judgment",
          "predecessor": "fa6a8c23-85fd-4e4a-a8aa-62a2b4375c6f"
        },
        {
          "id": "426d0bd4-53c1-4432-b6cb-74963cb06027",
          "kind": "return",
          "predecessor": "9682b0ca-00d3-4b12-a083-317ad9792dec"
        }
      ],
      "locator": "b5a4db64-9f31-4d0a-a8e7-a7b2d8c3beca",
      "present": {
        "step": "inspect the next retained judgment under the bound evidence rules",
        "reason": "exact child support and independently observed parent conditions apply",
        "disposition": "CONTINUE",
        "g1_acceptance": {
          "outcome": "PASS",
          "findings": [
            {
              "path": [
                "evidence"
              ],
              "present": true
            },
            {
              "path": [
                "criteria"
              ],
              "present": true
            },
            {
              "path": [
                "method"
              ],
              "present": true
            },
            {
              "path": [
                "findings"
              ],
              "present": true
            }
          ]
        },
        "non_promotion": "inquiry disposition only; no action or authority"
      },
      "boundary": "426d0bd4-53c1-4432-b6cb-74963cb06027",
      "judgment": {
        "limits": "Finite supplied rules and witnesses; trusted fixture/custody; no universal correctness, authority, currentness or amendment.",
        "source": "acff4336-ee84-4e5a-bd4b-76ab1358e1d0",
        "outcome": "PASS",
        "summary": "All declared finite witness outcomes correspond.",
        "evidence": [
          "8a4c60b1-d49c-483b-bdae-c3bff7711ca1",
          "d12e0d43-e95a-4f3a-8133-72a022aaa2b3",
          "83e12e84-992f-4fcc-92a6-ea4e4d991ca6",
          "e3d2d084-f0eb-4cea-ba8b-ee0208ade6ff",
          "67567ef6-6eac-4330-9d99-f501b79bb7ee"
        ],
        "findings": [
          {
            "witness": {
              "path": [
                "inputs",
                "correspondence"
              ],
              "artifact": "e3d2d084-f0eb-4cea-ba8b-ee0208ade6ff"
            },
            "expected": "PASS",
            "observed": {
              "outcome": "PASS",
              "findings": [
                {
                  "path": [
                    "evidence"
                  ],
                  "present": true
                },
                {
                  "path": [
                    "criteria"
                  ],
                  "present": true
                },
                {
                  "path": [
                    "method"
                  ],
                  "present": true
                },
                {
                  "path": [
                    "findings"
                  ],
                  "present": true
                }
              ]
            },
            "obligation": "correspondence"
          },
          {
            "witness": {
              "path": [
                "inputs",
                "missing_evidence"
              ],
              "artifact": "e3d2d084-f0eb-4cea-ba8b-ee0208ade6ff"
            },
            "expected": "FAIL",
            "observed": {
              "outcome": "FAIL",
              "findings": [
                {
                  "path": [
                    "evidence"
                  ],
                  "present": false
                },
                {
                  "path": [
                    "criteria"
                  ],
                  "present": true
                },
                {
                  "path": [
                    "method"
                  ],
                  "present": true
                },
                {
                  "path": [
                    "findings"
                  ],
                  "present": true
                }
              ]
            },
            "obligation": "missing_evidence"
          },
          {
            "witness": {
              "path": [
                "inputs",
                "missing_method"
              ],
              "artifact": "e3d2d084-f0eb-4cea-ba8b-ee0208ade6ff"
            },
            "expected": "FAIL",
            "observed": {
              "outcome": "FAIL",
              "findings": [
                {
                  "path": [
                    "evidence"
                  ],
                  "present": true
                },
                {
                  "path": [
                    "criteria"
                  ],
                  "present": true
                },
                {
                  "path": [
                    "method"
                  ],
                  "present": false
                },
                {
                  "path": [
                    "findings"
                  ],
                  "present": true
                }
              ]
            },
            "obligation": "missing_method"
          }
        ]
      },
      "dependency": {
        "why": "child witness examination",
        "slot": "governance",
        "binding": {
          "slot": "governance",
          "remit": "synthetic inspection only; no action, designation or amendment",
          "scope": "e51b2363-a0ae-4d4d-b8e7-2d1346a25f72",
          "method": "83e12e84-992f-4fcc-92a6-ea4e4d991ca6",
          "parent": "b5a4db64-9f31-4d0a-a8e7-a7b2d8c3beca",
          "version": "8a4c60b1-d49c-483b-bdae-c3bff7711ca1",
          "criteria": "d12e0d43-e95a-4f3a-8133-72a022aaa2b3",
          "component": "26a88782-a790-4618-8418-bfdd2a82815c",
          "witnesses": "e3d2d084-f0eb-4cea-ba8b-ee0208ade6ff",
          "child_question": "Does the bound evidence comparator discriminate the declared missing-evidence and missing-method violations from correspondence?",
          "parent_question": "May this exact retained inquiry judgment be relied upon for the next bounded inspection step under the bound governance basis, or must reliance be requalified/reoriented/held?",
          "dependency_claim": "d4a0d51a-e369-4038-aa51-7ca8e68e12c8"
        }
      },
      "observations": {
        "claims": {
          "0d01a21d-87d8-4708-a2fb-c7ea5bbbf442": {
            "history": [],
            "standing": "unassessed"
          },
          "20023454-f17c-4bd9-a55e-4b790d6cd95b": {
            "history": [],
            "standing": "unassessed"
          },
          "4410db56-91d9-447b-bdd6-862f10b79432": {
            "history": [],
            "standing": "unassessed"
          },
          "993455ad-906d-4f51-9ee7-d6463c3e2cd4": {
            "history": [],
            "standing": "unassessed"
          },
          "d4a0d51a-e369-4038-aa51-7ca8e68e12c8": {
            "history": [],
            "standing": "unassessed"
          },
          "eb4a8dc6-ea98-4b0c-9e19-756bac8f4b95": {
            "history": [],
            "standing": "unassessed"
          }
        },
        "method": {
          "history": null,
          "version": "83e12e84-992f-4fcc-92a6-ea4e4d991ca6",
          "complete": true
        },
        "criteria": {
          "history": null,
          "version": "d12e0d43-e95a-4f3a-8133-72a022aaa2b3",
          "complete": true
        },
        "witnesses": {
          "history": null,
          "version": "e3d2d084-f0eb-4cea-ba8b-ee0208ade6ff",
          "complete": true
        },
        "governance": {
          "history": null,
          "version": "8a4c60b1-d49c-483b-bdae-c3bff7711ca1",
          "complete": true
        },
        "applicability": {
          "history": null,
          "version": "764cb163-bb4a-4596-b2a9-ba93de1fde07",
          "complete": true
        }
      },
      "non_promotion": "Regenerated read projection. Historical disposition is not present permission; new reentry needs this boundary and observations.",
      "source_contract": "b5a4db64-9f31-4d0a-a8e7-a7b2d8c3beca",
      "last_disposition": null
    },
    "phases": [
      "ready",
      "committed-no-caller-ack"
    ],
    "after": {
      "child": {
        "open": "fa6a8c23-85fd-4e4a-a8aa-62a2b4375c6f",
        "state": "returned",
        "attempt": "fa6a8c23-85fd-4e4a-a8aa-62a2b4375c6f",
        "question": "Does the bound evidence comparator discriminate the declared missing-evidence and missing-method violations from correspondence?"
      },
      "links": [
        {
          "slot": "method",
          "claim": "993455ad-906d-4f51-9ee7-d6463c3e2cd4",
          "version": "83e12e84-992f-4fcc-92a6-ea4e4d991ca6",
          "component": "ac905b9c-71da-4c77-9620-6674e22fcdbc"
        },
        {
          "slot": "criteria",
          "claim": "0d01a21d-87d8-4708-a2fb-c7ea5bbbf442",
          "version": "d12e0d43-e95a-4f3a-8133-72a022aaa2b3",
          "component": "ac29385b-c540-43df-9787-c9c778176adc"
        },
        {
          "slot": "witnesses",
          "claim": "4410db56-91d9-447b-bdd6-862f10b79432",
          "version": "e3d2d084-f0eb-4cea-ba8b-ee0208ade6ff",
          "component": "58698614-6e8b-4048-bddf-c1f06c6800aa"
        },
        {
          "slot": "governance",
          "claim": "d4a0d51a-e369-4038-aa51-7ca8e68e12c8",
          "version": "8a4c60b1-d49c-483b-bdae-c3bff7711ca1",
          "component": "26a88782-a790-4618-8418-bfdd2a82815c"
        },
        {
          "slot": "applicability",
          "claim": "eb4a8dc6-ea98-4b0c-9e19-756bac8f4b95",
          "version": "764cb163-bb4a-4596-b2a9-ba93de1fde07",
          "component": "ebf8ca00-fad5-498b-ab88-b28fdd29bc18"
        }
      ],
      "parent": {
        "step": "inspect the next retained judgment under the bound evidence rules",
        "focal": "26a88782-a790-4618-8418-bfdd2a82815c",
        "remit": "synthetic inspection only; no action, designation or amendment",
        "question": "May this exact retained inquiry judgment be relied upon for the next bounded inspection step under the bound governance basis, or must reliance be requalified/reoriented/held?",
        "governing_basis": {
          "claim": "d4a0d51a-e369-4038-aa51-7ca8e68e12c8",
          "version": "8a4c60b1-d49c-483b-bdae-c3bff7711ca1",
          "component": "26a88782-a790-4618-8418-bfdd2a82815c"
        }
      },
      "changes": [],
      "history": [
        {
          "id": "fa6a8c23-85fd-4e4a-a8aa-62a2b4375c6f",
          "kind": "open",
          "predecessor": null
        },
        {
          "id": "9682b0ca-00d3-4b12-a083-317ad9792dec",
          "kind": "judgment",
          "predecessor": "fa6a8c23-85fd-4e4a-a8aa-62a2b4375c6f"
        },
        {
          "id": "426d0bd4-53c1-4432-b6cb-74963cb06027",
          "kind": "return",
          "predecessor": "9682b0ca-00d3-4b12-a083-317ad9792dec"
        },
        {
          "id": "d9e285b4-c272-4984-b7e5-988b9ea1aa82",
          "kind": "reentry",
          "predecessor": "426d0bd4-53c1-4432-b6cb-74963cb06027"
        }
      ],
      "locator": "b5a4db64-9f31-4d0a-a8e7-a7b2d8c3beca",
      "present": {
        "step": "inspect the next retained judgment under the bound evidence rules",
        "reason": "exact child support and independently observed parent conditions apply",
        "disposition": "CONTINUE",
        "g1_acceptance": {
          "outcome": "PASS",
          "findings": [
            {
              "path": [
                "evidence"
              ],
              "present": true
            },
            {
              "path": [
                "criteria"
              ],
              "present": true
            },
            {
              "path": [
                "method"
              ],
              "present": true
            },
            {
              "path": [
                "findings"
              ],
              "present": true
            }
          ]
        },
        "non_promotion": "inquiry disposition only; no action or authority"
      },
      "boundary": "d9e285b4-c272-4984-b7e5-988b9ea1aa82",
      "judgment": {
        "limits": "Finite supplied rules and witnesses; trusted fixture/custody; no universal correctness, authority, currentness or amendment.",
        "source": "acff4336-ee84-4e5a-bd4b-76ab1358e1d0",
        "outcome": "PASS",
        "summary": "All declared finite witness outcomes correspond.",
        "evidence": [
          "8a4c60b1-d49c-483b-bdae-c3bff7711ca1",
          "d12e0d43-e95a-4f3a-8133-72a022aaa2b3",
          "83e12e84-992f-4fcc-92a6-ea4e4d991ca6",
          "e3d2d084-f0eb-4cea-ba8b-ee0208ade6ff",
          "67567ef6-6eac-4330-9d99-f501b79bb7ee"
        ],
        "findings": [
          {
            "witness": {
              "path": [
                "inputs",
                "correspondence"
              ],
              "artifact": "e3d2d084-f0eb-4cea-ba8b-ee0208ade6ff"
            },
            "expected": "PASS",
            "observed": {
              "outcome": "PASS",
              "findings": [
                {
                  "path": [
                    "evidence"
                  ],
                  "present": true
                },
                {
                  "path": [
                    "criteria"
                  ],
                  "present": true
                },
                {
                  "path": [
                    "method"
                  ],
                  "present": true
                },
                {
                  "path": [
                    "findings"
                  ],
                  "present": true
                }
              ]
            },
            "obligation": "correspondence"
          },
          {
            "witness": {
              "path": [
                "inputs",
                "missing_evidence"
              ],
              "artifact": "e3d2d084-f0eb-4cea-ba8b-ee0208ade6ff"
            },
            "expected": "FAIL",
            "observed": {
              "outcome": "FAIL",
              "findings": [
                {
                  "path": [
                    "evidence"
                  ],
                  "present": false
                },
                {
                  "path": [
                    "criteria"
                  ],
                  "present": true
                },
                {
                  "path": [
                    "method"
                  ],
                  "present": true
                },
                {
                  "path": [
                    "findings"
                  ],
                  "present": true
                }
              ]
            },
            "obligation": "missing_evidence"
          },
          {
            "witness": {
              "path": [
                "inputs",
                "missing_method"
              ],
              "artifact": "e3d2d084-f0eb-4cea-ba8b-ee0208ade6ff"
            },
            "expected": "FAIL",
            "observed": {
              "outcome": "FAIL",
              "findings": [
                {
                  "path": [
                    "evidence"
                  ],
                  "present": true
                },
                {
                  "path": [
                    "criteria"
                  ],
                  "present": true
                },
                {
                  "path": [
                    "method"
                  ],
                  "present": false
                },
                {
                  "path": [
                    "findings"
                  ],
                  "present": true
                }
              ]
            },
            "obligation": "missing_method"
          }
        ]
      },
      "dependency": {
        "why": "child witness examination",
        "slot": "governance",
        "binding": {
          "slot": "governance",
          "remit": "synthetic inspection only; no action, designation or amendment",
          "scope": "e51b2363-a0ae-4d4d-b8e7-2d1346a25f72",
          "method": "83e12e84-992f-4fcc-92a6-ea4e4d991ca6",
          "parent": "b5a4db64-9f31-4d0a-a8e7-a7b2d8c3beca",
          "version": "8a4c60b1-d49c-483b-bdae-c3bff7711ca1",
          "criteria": "d12e0d43-e95a-4f3a-8133-72a022aaa2b3",
          "component": "26a88782-a790-4618-8418-bfdd2a82815c",
          "witnesses": "e3d2d084-f0eb-4cea-ba8b-ee0208ade6ff",
          "child_question": "Does the bound evidence comparator discriminate the declared missing-evidence and missing-method violations from correspondence?",
          "parent_question": "May this exact retained inquiry judgment be relied upon for the next bounded inspection step under the bound governance basis, or must reliance be requalified/reoriented/held?",
          "dependency_claim": "d4a0d51a-e369-4038-aa51-7ca8e68e12c8"
        }
      },
      "observations": {
        "claims": {
          "0d01a21d-87d8-4708-a2fb-c7ea5bbbf442": {
            "history": [],
            "standing": "unassessed"
          },
          "20023454-f17c-4bd9-a55e-4b790d6cd95b": {
            "history": [],
            "standing": "unassessed"
          },
          "4410db56-91d9-447b-bdd6-862f10b79432": {
            "history": [],
            "standing": "unassessed"
          },
          "993455ad-906d-4f51-9ee7-d6463c3e2cd4": {
            "history": [],
            "standing": "unassessed"
          },
          "d4a0d51a-e369-4038-aa51-7ca8e68e12c8": {
            "history": [],
            "standing": "unassessed"
          },
          "eb4a8dc6-ea98-4b0c-9e19-756bac8f4b95": {
            "history": [],
            "standing": "unassessed"
          }
        },
        "method": {
          "history": null,
          "version": "83e12e84-992f-4fcc-92a6-ea4e4d991ca6",
          "complete": true
        },
        "criteria": {
          "history": null,
          "version": "d12e0d43-e95a-4f3a-8133-72a022aaa2b3",
          "complete": true
        },
        "witnesses": {
          "history": null,
          "version": "e3d2d084-f0eb-4cea-ba8b-ee0208ade6ff",
          "complete": true
        },
        "governance": {
          "history": null,
          "version": "8a4c60b1-d49c-483b-bdae-c3bff7711ca1",
          "complete": true
        },
        "applicability": {
          "history": null,
          "version": "764cb163-bb4a-4596-b2a9-ba93de1fde07",
          "complete": true
        }
      },
      "non_promotion": "Regenerated read projection. Historical disposition is not present permission; new reentry needs this boundary and observations.",
      "source_contract": "b5a4db64-9f31-4d0a-a8e7-a7b2d8c3beca",
      "last_disposition": {
        "id": "d9e285b4-c272-4984-b7e5-988b9ea1aa82",
        "kind": "reentry",
        "step": "inspect the next retained judgment under the bound evidence rules",
        "parent": "b5a4db64-9f31-4d0a-a8e7-a7b2d8c3beca",
        "reason": "exact child support and independently observed parent conditions apply",
        "result": "acff4336-ee84-4e5a-bd4b-76ab1358e1d0",
        "attempt": "fa6a8c23-85fd-4e4a-a8aa-62a2b4375c6f",
        "request": "6c7b2a64-f80e-4319-9caf-12d43d860ecc",
        "signature": {
          "op": "reentry",
          "predecessor": "426d0bd4-53c1-4432-b6cb-74963cb06027",
          "observations": {
            "claims": {
              "0d01a21d-87d8-4708-a2fb-c7ea5bbbf442": {
                "history": [],
                "standing": "unassessed"
              },
              "20023454-f17c-4bd9-a55e-4b790d6cd95b": {
                "history": [],
                "standing": "unassessed"
              },
              "4410db56-91d9-447b-bdd6-862f10b79432": {
                "history": [],
                "standing": "unassessed"
              },
              "993455ad-906d-4f51-9ee7-d6463c3e2cd4": {
                "history": [],
                "standing": "unassessed"
              },
              "d4a0d51a-e369-4038-aa51-7ca8e68e12c8": {
                "history": [],
                "standing": "unassessed"
              },
              "eb4a8dc6-ea98-4b0c-9e19-756bac8f4b95": {
                "history": [],
                "standing": "unassessed"
              }
            },
            "method": {
              "history": null,
              "version": "83e12e84-992f-4fcc-92a6-ea4e4d991ca6",
              "complete": true
            },
            "criteria": {
              "history": null,
              "version": "d12e0d43-e95a-4f3a-8133-72a022aaa2b3",
              "complete": true
            },
            "witnesses": {
              "history": null,
              "version": "e3d2d084-f0eb-4cea-ba8b-ee0208ade6ff",
              "complete": true
            },
            "governance": {
              "history": null,
              "version": "8a4c60b1-d49c-483b-bdae-c3bff7711ca1",
              "complete": true
            },
            "applicability": {
              "history": null,
              "version": "764cb163-bb4a-4596-b2a9-ba93de1fde07",
              "complete": true
            }
          }
        },
        "attribution": "b9_parent",
        "disposition": "CONTINUE",
        "predecessor": "426d0bd4-53c1-4432-b6cb-74963cb06027",
        "observations": {
          "claims": {
            "0d01a21d-87d8-4708-a2fb-c7ea5bbbf442": {
              "history": [],
              "standing": "unassessed"
            },
            "20023454-f17c-4bd9-a55e-4b790d6cd95b": {
              "history": [],
              "standing": "unassessed"
            },
            "4410db56-91d9-447b-bdd6-862f10b79432": {
              "history": [],
              "standing": "unassessed"
            },
            "993455ad-906d-4f51-9ee7-d6463c3e2cd4": {
              "history": [],
              "standing": "unassessed"
            },
            "d4a0d51a-e369-4038-aa51-7ca8e68e12c8": {
              "history": [],
              "standing": "unassessed"
            },
            "eb4a8dc6-ea98-4b0c-9e19-756bac8f4b95": {
              "history": [],
              "standing": "unassessed"
            }
          },
          "method": {
            "history": null,
            "version": "83e12e84-992f-4fcc-92a6-ea4e4d991ca6",
            "complete": true
          },
          "criteria": {
            "history": null,
            "version": "d12e0d43-e95a-4f3a-8133-72a022aaa2b3",
            "complete": true
          },
          "witnesses": {
            "history": null,
            "version": "e3d2d084-f0eb-4cea-ba8b-ee0208ade6ff",
            "complete": true
          },
          "governance": {
            "history": null,
            "version": "8a4c60b1-d49c-483b-bdae-c3bff7711ca1",
            "complete": true
          },
          "applicability": {
            "history": null,
            "version": "764cb163-bb4a-4596-b2a9-ba93de1fde07",
            "complete": true
          }
        },
        "g1_acceptance": {
          "outcome": "PASS",
          "findings": [
            {
              "path": [
                "evidence"
              ],
              "present": true
            },
            {
              "path": [
                "criteria"
              ],
              "present": true
            },
            {
              "path": [
                "method"
              ],
              "present": true
            },
            {
              "path": [
                "findings"
              ],
              "present": true
            }
          ]
        },
        "non_promotion": "inquiry disposition only; no action or authority"
      }
    },
    "recovered": {
      "event": "d9e285b4-c272-4984-b7e5-988b9ea1aa82",
      "replay": true,
      "present": {
        "step": "inspect the next retained judgment under the bound evidence rules",
        "reason": "exact child support and independently observed parent conditions apply",
        "disposition": "CONTINUE",
        "g1_acceptance": {
          "outcome": "PASS",
          "findings": [
            {
              "path": [
                "evidence"
              ],
              "present": true
            },
            {
              "path": [
                "criteria"
              ],
              "present": true
            },
            {
              "path": [
                "method"
              ],
              "present": true
            },
            {
              "path": [
                "findings"
              ],
              "present": true
            }
          ]
        },
        "non_promotion": "inquiry disposition only; no action or authority"
      },
      "historical_only": true
    },
    "cold": {
      "locator": "b5a4db64-9f31-4d0a-a8e7-a7b2d8c3beca",
      "source_contract": "b5a4db64-9f31-4d0a-a8e7-a7b2d8c3beca",
      "boundary": "d9e285b4-c272-4984-b7e5-988b9ea1aa82",
      "parent": {
        "step": "inspect the next retained judgment under the bound evidence rules",
        "focal": "26a88782-a790-4618-8418-bfdd2a82815c",
        "remit": "synthetic inspection only; no action, designation or amendment",
        "question": "May this exact retained inquiry judgment be relied upon for the next bounded inspection step under the bound governance basis, or must reliance be requalified/reoriented/held?",
        "governing_basis": {
          "claim": "d4a0d51a-e369-4038-aa51-7ca8e68e12c8",
          "version": "8a4c60b1-d49c-483b-bdae-c3bff7711ca1",
          "component": "26a88782-a790-4618-8418-bfdd2a82815c"
        }
      },
      "dependency": {
        "why": "child witness examination",
        "slot": "governance",
        "binding": {
          "slot": "governance",
          "remit": "synthetic inspection only; no action, designation or amendment",
          "scope": "e51b2363-a0ae-4d4d-b8e7-2d1346a25f72",
          "method": "83e12e84-992f-4fcc-92a6-ea4e4d991ca6",
          "parent": "b5a4db64-9f31-4d0a-a8e7-a7b2d8c3beca",
          "version": "8a4c60b1-d49c-483b-bdae-c3bff7711ca1",
          "criteria": "d12e0d43-e95a-4f3a-8133-72a022aaa2b3",
          "component": "26a88782-a790-4618-8418-bfdd2a82815c",
          "witnesses": "e3d2d084-f0eb-4cea-ba8b-ee0208ade6ff",
          "child_question": "Does the bound evidence comparator discriminate the declared missing-evidence and missing-method violations from correspondence?",
          "parent_question": "May this exact retained inquiry judgment be relied upon for the next bounded inspection step under the bound governance basis, or must reliance be requalified/reoriented/held?",
          "dependency_claim": "d4a0d51a-e369-4038-aa51-7ca8e68e12c8"
        }
      },
      "child": {
        "open": "fa6a8c23-85fd-4e4a-a8aa-62a2b4375c6f",
        "state": "returned",
        "attempt": "fa6a8c23-85fd-4e4a-a8aa-62a2b4375c6f",
        "question": "Does the bound evidence comparator discriminate the declared missing-evidence and missing-method violations from correspondence?"
      },
      "judgment": {
        "source": "acff4336-ee84-4e5a-bd4b-76ab1358e1d0",
        "outcome": "PASS",
        "summary": "All declared finite witness outcomes correspond.",
        "findings": [
          {
            "obligation": "correspondence",
            "expected": "PASS",
            "observed": "PASS"
          },
          {
            "obligation": "missing_evidence",
            "expected": "FAIL",
            "observed": "FAIL"
          },
          {
            "obligation": "missing_method",
            "expected": "FAIL",
            "observed": "FAIL"
          }
        ],
        "evidence_access": "Exact witnesses, paths, method, source standing and limits: read judgment source.",
        "limits": "Finite supplied rules and witnesses; trusted fixture/custody; no universal correctness, authority, currentness or amendment."
      },
      "observations": {
        "claims": {
          "0d01a21d-87d8-4708-a2fb-c7ea5bbbf442": {
            "history": [],
            "standing": "unassessed"
          },
          "20023454-f17c-4bd9-a55e-4b790d6cd95b": {
            "history": [],
            "standing": "unassessed"
          },
          "4410db56-91d9-447b-bdd6-862f10b79432": {
            "history": [],
            "standing": "unassessed"
          },
          "993455ad-906d-4f51-9ee7-d6463c3e2cd4": {
            "history": [],
            "standing": "unassessed"
          },
          "d4a0d51a-e369-4038-aa51-7ca8e68e12c8": {
            "history": [],
            "standing": "unassessed"
          },
          "eb4a8dc6-ea98-4b0c-9e19-756bac8f4b95": {
            "history": [],
            "standing": "unassessed"
          }
        },
        "method": {
          "history": null,
          "version": "83e12e84-992f-4fcc-92a6-ea4e4d991ca6",
          "complete": true
        },
        "criteria": {
          "history": null,
          "version": "d12e0d43-e95a-4f3a-8133-72a022aaa2b3",
          "complete": true
        },
        "witnesses": {
          "history": null,
          "version": "e3d2d084-f0eb-4cea-ba8b-ee0208ade6ff",
          "complete": true
        },
        "governance": {
          "history": null,
          "version": "8a4c60b1-d49c-483b-bdae-c3bff7711ca1",
          "complete": true
        },
        "applicability": {
          "history": null,
          "version": "764cb163-bb4a-4596-b2a9-ba93de1fde07",
          "complete": true
        }
      },
      "changes": [],
      "last_disposition": {
        "source": "d9e285b4-c272-4984-b7e5-988b9ea1aa82",
        "disposition": "CONTINUE",
        "reason": "exact child support and independently observed parent conditions apply",
        "result": "acff4336-ee84-4e5a-bd4b-76ab1358e1d0",
        "attribution": "b9_parent"
      },
      "present": {
        "step": "inspect the next retained judgment under the bound evidence rules",
        "reason": "exact child support and independently observed parent conditions apply",
        "disposition": "CONTINUE",
        "g1_acceptance": {
          "outcome": "PASS"
        },
        "non_promotion": "inquiry disposition only; no action or authority"
      },
      "history": {
        "head": "d9e285b4-c272-4984-b7e5-988b9ea1aa82",
        "retained_transitions": 4,
        "access": "Read head source and follow exact predecessor links."
      },
      "non_promotion": "Regenerated read projection. Historical disposition is not present permission; new reentry needs this boundary and observations."
    }
  },
  {
    "id": "P12",
    "control": "PG17 SIGKILL/crash recovery",
    "phases": [
      "ready",
      "applied-uncommitted",
      "error"
    ],
    "before": {
      "child": {
        "open": "1b38992e-f545-4a89-8383-b59d3d22f8cd",
        "state": "returned",
        "attempt": "1b38992e-f545-4a89-8383-b59d3d22f8cd",
        "question": "Does the bound evidence comparator discriminate the declared missing-evidence and missing-method violations from correspondence?"
      },
      "links": [
        {
          "slot": "method",
          "claim": "b397dda5-0ccc-4c2d-b90f-b0414cb87278",
          "version": "96850a38-4bdb-453f-bff3-b0c9cf551bb8",
          "component": "e3614f1f-697d-4b5d-9a11-46515bb833e6"
        },
        {
          "slot": "criteria",
          "claim": "954fa9f7-17e5-45f8-a0db-f7b441aa9c58",
          "version": "f744184b-990a-4f92-b64e-ea4484810afa",
          "component": "96a2251b-9e32-495e-8601-68232c127bd7"
        },
        {
          "slot": "witnesses",
          "claim": "eda41704-bc16-443b-8278-f8decdf8fd58",
          "version": "7f33bddc-c9ac-4fee-98e9-63300e636a0f",
          "component": "b0bf75dd-7ef8-4b0c-8829-b6e1b44ada06"
        },
        {
          "slot": "governance",
          "claim": "48d4fe31-9b62-4902-b85b-0b75eb18a063",
          "version": "bf4e0e34-ddf7-4e37-994c-4bb3140a11fa",
          "component": "fc1daa2a-52fc-45b3-88b1-f5923fe40275"
        },
        {
          "slot": "applicability",
          "claim": "0b5d6e9a-8324-43db-870d-bfdf7a5ad898",
          "version": "5e7fb9f0-6e93-4ee9-8adb-6b7c8cac48c5",
          "component": "548095b1-bf9e-4d7e-9864-6ca5a3017c50"
        }
      ],
      "parent": {
        "step": "inspect the next retained judgment under the bound evidence rules",
        "focal": "fc1daa2a-52fc-45b3-88b1-f5923fe40275",
        "remit": "synthetic inspection only; no action, designation or amendment",
        "question": "May this exact retained inquiry judgment be relied upon for the next bounded inspection step under the bound governance basis, or must reliance be requalified/reoriented/held?",
        "governing_basis": {
          "claim": "48d4fe31-9b62-4902-b85b-0b75eb18a063",
          "version": "bf4e0e34-ddf7-4e37-994c-4bb3140a11fa",
          "component": "fc1daa2a-52fc-45b3-88b1-f5923fe40275"
        }
      },
      "changes": [],
      "history": [
        {
          "id": "1b38992e-f545-4a89-8383-b59d3d22f8cd",
          "kind": "open",
          "predecessor": null
        },
        {
          "id": "de84ae6c-6112-43a7-9acc-753f5c5b8283",
          "kind": "judgment",
          "predecessor": "1b38992e-f545-4a89-8383-b59d3d22f8cd"
        },
        {
          "id": "63d0dcc6-3c1d-4d54-8bf3-c5e15cacea3f",
          "kind": "return",
          "predecessor": "de84ae6c-6112-43a7-9acc-753f5c5b8283"
        }
      ],
      "locator": "b78b32c1-d0d1-48f9-8c82-914ffe067f0d",
      "present": {
        "step": "inspect the next retained judgment under the bound evidence rules",
        "reason": "exact child support and independently observed parent conditions apply",
        "disposition": "CONTINUE",
        "g1_acceptance": {
          "outcome": "PASS",
          "findings": [
            {
              "path": [
                "evidence"
              ],
              "present": true
            },
            {
              "path": [
                "criteria"
              ],
              "present": true
            },
            {
              "path": [
                "method"
              ],
              "present": true
            },
            {
              "path": [
                "findings"
              ],
              "present": true
            }
          ]
        },
        "non_promotion": "inquiry disposition only; no action or authority"
      },
      "boundary": "63d0dcc6-3c1d-4d54-8bf3-c5e15cacea3f",
      "judgment": {
        "limits": "Finite supplied rules and witnesses; trusted fixture/custody; no universal correctness, authority, currentness or amendment.",
        "source": "2f7d5f75-b438-46cc-b3d9-19a418d26fa6",
        "outcome": "PASS",
        "summary": "All declared finite witness outcomes correspond.",
        "evidence": [
          "bf4e0e34-ddf7-4e37-994c-4bb3140a11fa",
          "f744184b-990a-4f92-b64e-ea4484810afa",
          "96850a38-4bdb-453f-bff3-b0c9cf551bb8",
          "7f33bddc-c9ac-4fee-98e9-63300e636a0f",
          "eb1d6053-577d-4f48-9e1e-f34995c6974e"
        ],
        "findings": [
          {
            "witness": {
              "path": [
                "inputs",
                "correspondence"
              ],
              "artifact": "7f33bddc-c9ac-4fee-98e9-63300e636a0f"
            },
            "expected": "PASS",
            "observed": {
              "outcome": "PASS",
              "findings": [
                {
                  "path": [
                    "evidence"
                  ],
                  "present": true
                },
                {
                  "path": [
                    "criteria"
                  ],
                  "present": true
                },
                {
                  "path": [
                    "method"
                  ],
                  "present": true
                },
                {
                  "path": [
                    "findings"
                  ],
                  "present": true
                }
              ]
            },
            "obligation": "correspondence"
          },
          {
            "witness": {
              "path": [
                "inputs",
                "missing_evidence"
              ],
              "artifact": "7f33bddc-c9ac-4fee-98e9-63300e636a0f"
            },
            "expected": "FAIL",
            "observed": {
              "outcome": "FAIL",
              "findings": [
                {
                  "path": [
                    "evidence"
                  ],
                  "present": false
                },
                {
                  "path": [
                    "criteria"
                  ],
                  "present": true
                },
                {
                  "path": [
                    "method"
                  ],
                  "present": true
                },
                {
                  "path": [
                    "findings"
                  ],
                  "present": true
                }
              ]
            },
            "obligation": "missing_evidence"
          },
          {
            "witness": {
              "path": [
                "inputs",
                "missing_method"
              ],
              "artifact": "7f33bddc-c9ac-4fee-98e9-63300e636a0f"
            },
            "expected": "FAIL",
            "observed": {
              "outcome": "FAIL",
              "findings": [
                {
                  "path": [
                    "evidence"
                  ],
                  "present": true
                },
                {
                  "path": [
                    "criteria"
                  ],
                  "present": true
                },
                {
                  "path": [
                    "method"
                  ],
                  "present": false
                },
                {
                  "path": [
                    "findings"
                  ],
                  "present": true
                }
              ]
            },
            "obligation": "missing_method"
          }
        ]
      },
      "dependency": {
        "why": "child witness examination",
        "slot": "governance",
        "binding": {
          "slot": "governance",
          "remit": "synthetic inspection only; no action, designation or amendment",
          "scope": "a8a62de9-90e0-4809-a8f7-7e6f1759fc94",
          "method": "96850a38-4bdb-453f-bff3-b0c9cf551bb8",
          "parent": "b78b32c1-d0d1-48f9-8c82-914ffe067f0d",
          "version": "bf4e0e34-ddf7-4e37-994c-4bb3140a11fa",
          "criteria": "f744184b-990a-4f92-b64e-ea4484810afa",
          "component": "fc1daa2a-52fc-45b3-88b1-f5923fe40275",
          "witnesses": "7f33bddc-c9ac-4fee-98e9-63300e636a0f",
          "child_question": "Does the bound evidence comparator discriminate the declared missing-evidence and missing-method violations from correspondence?",
          "parent_question": "May this exact retained inquiry judgment be relied upon for the next bounded inspection step under the bound governance basis, or must reliance be requalified/reoriented/held?",
          "dependency_claim": "48d4fe31-9b62-4902-b85b-0b75eb18a063"
        }
      },
      "observations": {
        "claims": {
          "00db03d1-deb4-4f12-b00f-73643c0f05ab": {
            "history": [],
            "standing": "unassessed"
          },
          "0b5d6e9a-8324-43db-870d-bfdf7a5ad898": {
            "history": [],
            "standing": "unassessed"
          },
          "48d4fe31-9b62-4902-b85b-0b75eb18a063": {
            "history": [],
            "standing": "unassessed"
          },
          "954fa9f7-17e5-45f8-a0db-f7b441aa9c58": {
            "history": [],
            "standing": "unassessed"
          },
          "b397dda5-0ccc-4c2d-b90f-b0414cb87278": {
            "history": [],
            "standing": "unassessed"
          },
          "eda41704-bc16-443b-8278-f8decdf8fd58": {
            "history": [],
            "standing": "unassessed"
          }
        },
        "method": {
          "history": null,
          "version": "96850a38-4bdb-453f-bff3-b0c9cf551bb8",
          "complete": true
        },
        "criteria": {
          "history": null,
          "version": "f744184b-990a-4f92-b64e-ea4484810afa",
          "complete": true
        },
        "witnesses": {
          "history": null,
          "version": "7f33bddc-c9ac-4fee-98e9-63300e636a0f",
          "complete": true
        },
        "governance": {
          "history": null,
          "version": "bf4e0e34-ddf7-4e37-994c-4bb3140a11fa",
          "complete": true
        },
        "applicability": {
          "history": null,
          "version": "5e7fb9f0-6e93-4ee9-8adb-6b7c8cac48c5",
          "complete": true
        }
      },
      "non_promotion": "Regenerated read projection. Historical disposition is not present permission; new reentry needs this boundary and observations.",
      "source_contract": "b78b32c1-d0d1-48f9-8c82-914ffe067f0d",
      "last_disposition": null
    },
    "cold": {
      "locator": "b78b32c1-d0d1-48f9-8c82-914ffe067f0d",
      "source_contract": "b78b32c1-d0d1-48f9-8c82-914ffe067f0d",
      "boundary": "63d0dcc6-3c1d-4d54-8bf3-c5e15cacea3f",
      "parent": {
        "step": "inspect the next retained judgment under the bound evidence rules",
        "focal": "fc1daa2a-52fc-45b3-88b1-f5923fe40275",
        "remit": "synthetic inspection only; no action, designation or amendment",
        "question": "May this exact retained inquiry judgment be relied upon for the next bounded inspection step under the bound governance basis, or must reliance be requalified/reoriented/held?",
        "governing_basis": {
          "claim": "48d4fe31-9b62-4902-b85b-0b75eb18a063",
          "version": "bf4e0e34-ddf7-4e37-994c-4bb3140a11fa",
          "component": "fc1daa2a-52fc-45b3-88b1-f5923fe40275"
        }
      },
      "dependency": {
        "why": "child witness examination",
        "slot": "governance",
        "binding": {
          "slot": "governance",
          "remit": "synthetic inspection only; no action, designation or amendment",
          "scope": "a8a62de9-90e0-4809-a8f7-7e6f1759fc94",
          "method": "96850a38-4bdb-453f-bff3-b0c9cf551bb8",
          "parent": "b78b32c1-d0d1-48f9-8c82-914ffe067f0d",
          "version": "bf4e0e34-ddf7-4e37-994c-4bb3140a11fa",
          "criteria": "f744184b-990a-4f92-b64e-ea4484810afa",
          "component": "fc1daa2a-52fc-45b3-88b1-f5923fe40275",
          "witnesses": "7f33bddc-c9ac-4fee-98e9-63300e636a0f",
          "child_question": "Does the bound evidence comparator discriminate the declared missing-evidence and missing-method violations from correspondence?",
          "parent_question": "May this exact retained inquiry judgment be relied upon for the next bounded inspection step under the bound governance basis, or must reliance be requalified/reoriented/held?",
          "dependency_claim": "48d4fe31-9b62-4902-b85b-0b75eb18a063"
        }
      },
      "child": {
        "open": "1b38992e-f545-4a89-8383-b59d3d22f8cd",
        "state": "returned",
        "attempt": "1b38992e-f545-4a89-8383-b59d3d22f8cd",
        "question": "Does the bound evidence comparator discriminate the declared missing-evidence and missing-method violations from correspondence?"
      },
      "judgment": {
        "source": "2f7d5f75-b438-46cc-b3d9-19a418d26fa6",
        "outcome": "PASS",
        "summary": "All declared finite witness outcomes correspond.",
        "findings": [
          {
            "obligation": "correspondence",
            "expected": "PASS",
            "observed": "PASS"
          },
          {
            "obligation": "missing_evidence",
            "expected": "FAIL",
            "observed": "FAIL"
          },
          {
            "obligation": "missing_method",
            "expected": "FAIL",
            "observed": "FAIL"
          }
        ],
        "evidence_access": "Exact witnesses, paths, method, source standing and limits: read judgment source.",
        "limits": "Finite supplied rules and witnesses; trusted fixture/custody; no universal correctness, authority, currentness or amendment."
      },
      "observations": {
        "claims": {
          "00db03d1-deb4-4f12-b00f-73643c0f05ab": {
            "history": [],
            "standing": "unassessed"
          },
          "0b5d6e9a-8324-43db-870d-bfdf7a5ad898": {
            "history": [],
            "standing": "unassessed"
          },
          "48d4fe31-9b62-4902-b85b-0b75eb18a063": {
            "history": [],
            "standing": "unassessed"
          },
          "954fa9f7-17e5-45f8-a0db-f7b441aa9c58": {
            "history": [],
            "standing": "unassessed"
          },
          "b397dda5-0ccc-4c2d-b90f-b0414cb87278": {
            "history": [],
            "standing": "unassessed"
          },
          "eda41704-bc16-443b-8278-f8decdf8fd58": {
            "history": [],
            "standing": "unassessed"
          }
        },
        "method": {
          "history": null,
          "version": "96850a38-4bdb-453f-bff3-b0c9cf551bb8",
          "complete": true
        },
        "criteria": {
          "history": null,
          "version": "f744184b-990a-4f92-b64e-ea4484810afa",
          "complete": true
        },
        "witnesses": {
          "history": null,
          "version": "7f33bddc-c9ac-4fee-98e9-63300e636a0f",
          "complete": true
        },
        "governance": {
          "history": null,
          "version": "bf4e0e34-ddf7-4e37-994c-4bb3140a11fa",
          "complete": true
        },
        "applicability": {
          "history": null,
          "version": "5e7fb9f0-6e93-4ee9-8adb-6b7c8cac48c5",
          "complete": true
        }
      },
      "changes": [],
      "last_disposition": null,
      "present": {
        "step": "inspect the next retained judgment under the bound evidence rules",
        "reason": "exact child support and independently observed parent conditions apply",
        "disposition": "CONTINUE",
        "g1_acceptance": {
          "outcome": "PASS"
        },
        "non_promotion": "inquiry disposition only; no action or authority"
      },
      "history": {
        "head": "63d0dcc6-3c1d-4d54-8bf3-c5e15cacea3f",
        "retained_transitions": 3,
        "access": "Read head source and follow exact predecessor links."
      },
      "non_promotion": "Regenerated read projection. Historical disposition is not present permission; new reentry needs this boundary and observations."
    },
    "fresh": {
      "event": "915b5b64-13b2-4438-85d0-dde0782fc846",
      "replay": false,
      "result": {
        "step": "inspect the next retained judgment under the bound evidence rules",
        "reason": "exact child support and independently observed parent conditions apply",
        "disposition": "CONTINUE",
        "g1_acceptance": {
          "outcome": "PASS",
          "findings": [
            {
              "path": [
                "evidence"
              ],
              "present": true
            },
            {
              "path": [
                "criteria"
              ],
              "present": true
            },
            {
              "path": [
                "method"
              ],
              "present": true
            },
            {
              "path": [
                "findings"
              ],
              "present": true
            }
          ]
        },
        "non_promotion": "inquiry disposition only; no action or authority"
      }
    }
  }
]
